document_uuid,document_title_en,entity_text,entity_type,entity_start_pos,entity_end_pos,extractor_confidence_score,is_matched,matched_sot_name,matched_sot_entity_type
31c78232-df85-4d16-877e-80ef9a25214a,Alibaba Opens Smart Manufacturing Headquarters in Shenzhen,Shenzhen,Location,42,50,0.9730028510093689,False,,
31c78232-df85-4d16-877e-80ef9a25214a,Alibaba Opens Smart Manufacturing Headquarters in Shenzhen,Shenzhen,Location,178,186,0.9730028510093689,False,,
31c78232-df85-4d16-877e-80ef9a25214a,Alibaba Opens Smart Manufacturing Headquarters in Shenzhen,Shenzhen,Location,1014,1022,0.9730028510093689,False,,
31c78232-df85-4d16-877e-80ef9a25214a,Alibaba Opens Smart Manufacturing Headquarters in Shenzhen,Shenzhen,Location,1661,1669,0.9730028510093689,False,,
31c78232-df85-4d16-877e-80ef9a25214a,Alibaba Opens Smart Manufacturing Headquarters in Shenzhen,Alibaba Group,Company,93,106,0.982732892036438,True,Alibaba Group,Company
31c78232-df85-4d16-877e-80ef9a25214a,Alibaba Opens Smart Manufacturing Headquarters in Shenzhen,Shenzhen,Location,42,50,0.9814602136611938,False,,
31c78232-df85-4d16-877e-80ef9a25214a,Alibaba Opens Smart Manufacturing Headquarters in Shenzhen,Shenzhen,Location,178,186,0.9814602136611938,False,,
31c78232-df85-4d16-877e-80ef9a25214a,Alibaba Opens Smart Manufacturing Headquarters in Shenzhen,Shenzhen,Location,1014,1022,0.9814602136611938,False,,
31c78232-df85-4d16-877e-80ef9a25214a,Alibaba Opens Smart Manufacturing Headquarters in Shenzhen,Shenzhen,Location,1661,1669,0.9814602136611938,False,,
31c78232-df85-4d16-877e-80ef9a25214a,Alibaba Opens Smart Manufacturing Headquarters in Shenzhen,Jack Ma,Person,320,327,0.990934431552887,False,,
31c78232-df85-4d16-877e-80ef9a25214a,Alibaba Opens Smart Manufacturing Headquarters in Shenzhen,The Core Leader,Person,421,436,0.5374737977981567,False,,
31c78232-df85-4d16-877e-80ef9a25214a,Alibaba Opens Smart Manufacturing Headquarters in Shenzhen,President Xi,Person,640,652,0.9712101221084595,True,Xi Jinping,Person
31c78232-df85-4d16-877e-80ef9a25214a,Alibaba Opens Smart Manufacturing Headquarters in Shenzhen,China,Location,703,708,0.9526070356369019,True,China,Location
31c78232-df85-4d16-877e-80ef9a25214a,Alibaba Opens Smart Manufacturing Headquarters in Shenzhen,China,Location,828,833,0.9526070356369019,True,China,Location
31c78232-df85-4d16-877e-80ef9a25214a,Alibaba Opens Smart Manufacturing Headquarters in Shenzhen,China,Location,1909,1914,0.9526070356369019,True,China,Location
31c78232-df85-4d16-877e-80ef9a25214a,Alibaba Opens Smart Manufacturing Headquarters in Shenzhen,China,Location,2332,2337,0.9526070356369019,True,China,Location
31c78232-df85-4d16-877e-80ef9a25214a,Alibaba Opens Smart Manufacturing Headquarters in Shenzhen,China,Location,2719,2724,0.9526070356369019,True,China,Location
31c78232-df85-4d16-877e-80ef9a25214a,Alibaba Opens Smart Manufacturing Headquarters in Shenzhen,China,Location,703,708,0.9498686194419861,True,China,Location
31c78232-df85-4d16-877e-80ef9a25214a,Alibaba Opens Smart Manufacturing Headquarters in Shenzhen,China,Location,828,833,0.9498686194419861,True,China,Location
31c78232-df85-4d16-877e-80ef9a25214a,Alibaba Opens Smart Manufacturing Headquarters in Shenzhen,China,Location,1909,1914,0.9498686194419861,True,China,Location
31c78232-df85-4d16-877e-80ef9a25214a,Alibaba Opens Smart Manufacturing Headquarters in Shenzhen,China,Location,2332,2337,0.9498686194419861,True,China,Location
31c78232-df85-4d16-877e-80ef9a25214a,Alibaba Opens Smart Manufacturing Headquarters in Shenzhen,China,Location,2719,2724,0.9498686194419861,True,China,Location
31c78232-df85-4d16-877e-80ef9a25214a,Alibaba Opens Smart Manufacturing Headquarters in Shenzhen,Premier Li Qiang,Person,866,882,0.912388265132904,False,,
31c78232-df85-4d16-877e-80ef9a25214a,Alibaba Opens Smart Manufacturing Headquarters in Shenzhen,Shenzhen,Location,42,50,0.9287112951278687,False,,
31c78232-df85-4d16-877e-80ef9a25214a,Alibaba Opens Smart Manufacturing Headquarters in Shenzhen,Shenzhen,Location,178,186,0.9287112951278687,False,,
31c78232-df85-4d16-877e-80ef9a25214a,Alibaba Opens Smart Manufacturing Headquarters in Shenzhen,Shenzhen,Location,1014,1022,0.9287112951278687,False,,
31c78232-df85-4d16-877e-80ef9a25214a,Alibaba Opens Smart Manufacturing Headquarters in Shenzhen,Shenzhen,Location,1661,1669,0.9287112951278687,False,,
31c78232-df85-4d16-877e-80ef9a25214a,Alibaba Opens Smart Manufacturing Headquarters in Shenzhen,Prime Minister,Person,1114,1128,0.5407910943031311,False,,
31c78232-df85-4d16-877e-80ef9a25214a,Alibaba Opens Smart Manufacturing Headquarters in Shenzhen,Greater Bay Area,Location,1221,1237,0.8893961906433105,False,,
31c78232-df85-4d16-877e-80ef9a25214a,Alibaba Opens Smart Manufacturing Headquarters in Shenzhen,Hangzhou-based,Location,1244,1258,0.7559764385223389,False,,
31c78232-df85-4d16-877e-80ef9a25214a,Alibaba Opens Smart Manufacturing Headquarters in Shenzhen,Daniel Zhang,Person,1276,1288,0.9901819825172424,False,,
31c78232-df85-4d16-877e-80ef9a25214a,Alibaba Opens Smart Manufacturing Headquarters in Shenzhen,Alibaba,Company,93,100,0.9870439171791077,True,Alibaba Group,Company
31c78232-df85-4d16-877e-80ef9a25214a,Alibaba Opens Smart Manufacturing Headquarters in Shenzhen,Alibaba,Company,1452,1459,0.9870439171791077,True,Alibaba Group,Company
31c78232-df85-4d16-877e-80ef9a25214a,Alibaba Opens Smart Manufacturing Headquarters in Shenzhen,Alibaba,Company,1875,1882,0.9870439171791077,True,Alibaba Group,Company
31c78232-df85-4d16-877e-80ef9a25214a,Alibaba Opens Smart Manufacturing Headquarters in Shenzhen,Alibaba,Company,2602,2609,0.9870439171791077,True,Alibaba Group,Company
31c78232-df85-4d16-877e-80ef9a25214a,Alibaba Opens Smart Manufacturing Headquarters in Shenzhen,Tencent Holdings,Company,1595,1611,0.9719130992889404,True,Tencent Holdings,Company
31c78232-df85-4d16-877e-80ef9a25214a,Alibaba Opens Smart Manufacturing Headquarters in Shenzhen,Shenzhen,Location,42,50,0.9671655893325806,False,,
31c78232-df85-4d16-877e-80ef9a25214a,Alibaba Opens Smart Manufacturing Headquarters in Shenzhen,Shenzhen,Location,178,186,0.9671655893325806,False,,
31c78232-df85-4d16-877e-80ef9a25214a,Alibaba Opens Smart Manufacturing Headquarters in Shenzhen,Shenzhen,Location,1014,1022,0.9671655893325806,False,,
31c78232-df85-4d16-877e-80ef9a25214a,Alibaba Opens Smart Manufacturing Headquarters in Shenzhen,Shenzhen,Location,1661,1669,0.9671655893325806,False,,
31c78232-df85-4d16-877e-80ef9a25214a,Alibaba Opens Smart Manufacturing Headquarters in Shenzhen,BABA,Company,1703,1707,0.8283399939537048,True,Alibaba Group,Company
31c78232-df85-4d16-877e-80ef9a25214a,Alibaba Opens Smart Manufacturing Headquarters in Shenzhen,Pony Ma,Person,1761,1768,0.6431086659431458,False,,
31c78232-df85-4d16-877e-80ef9a25214a,Alibaba Opens Smart Manufacturing Headquarters in Shenzhen,Alibaba,Company,93,100,0.9245206117630005,True,Alibaba Group,Company
31c78232-df85-4d16-877e-80ef9a25214a,Alibaba Opens Smart Manufacturing Headquarters in Shenzhen,Alibaba,Company,1452,1459,0.9245206117630005,True,Alibaba Group,Company
31c78232-df85-4d16-877e-80ef9a25214a,Alibaba Opens Smart Manufacturing Headquarters in Shenzhen,Alibaba,Company,1875,1882,0.9245206117630005,True,Alibaba Group,Company
31c78232-df85-4d16-877e-80ef9a25214a,Alibaba Opens Smart Manufacturing Headquarters in Shenzhen,Alibaba,Company,2602,2609,0.9245206117630005,True,Alibaba Group,Company
31c78232-df85-4d16-877e-80ef9a25214a,Alibaba Opens Smart Manufacturing Headquarters in Shenzhen,China,Location,703,708,0.5893319249153137,True,China,Location
31c78232-df85-4d16-877e-80ef9a25214a,Alibaba Opens Smart Manufacturing Headquarters in Shenzhen,China,Location,828,833,0.5893319249153137,True,China,Location
31c78232-df85-4d16-877e-80ef9a25214a,Alibaba Opens Smart Manufacturing Headquarters in Shenzhen,China,Location,1909,1914,0.5893319249153137,True,China,Location
31c78232-df85-4d16-877e-80ef9a25214a,Alibaba Opens Smart Manufacturing Headquarters in Shenzhen,China,Location,2332,2337,0.5893319249153137,True,China,Location
31c78232-df85-4d16-877e-80ef9a25214a,Alibaba Opens Smart Manufacturing Headquarters in Shenzhen,China,Location,2719,2724,0.5893319249153137,True,China,Location
31c78232-df85-4d16-877e-80ef9a25214a,Alibaba Opens Smart Manufacturing Headquarters in Shenzhen,Minister Jin Zhuanglong,Person,2054,2077,0.9044749140739441,False,,
31c78232-df85-4d16-877e-80ef9a25214a,Alibaba Opens Smart Manufacturing Headquarters in Shenzhen,Beijing,Location,2138,2145,0.972027063369751,True,Beijing,Location
31c78232-df85-4d16-877e-80ef9a25214a,Alibaba Opens Smart Manufacturing Headquarters in Shenzhen,Shanghai,Location,2147,2155,0.9678795337677002,True,Shanghai,Location
31c78232-df85-4d16-877e-80ef9a25214a,Alibaba Opens Smart Manufacturing Headquarters in Shenzhen,Pearl River Delta region,Location,2241,2265,0.9492897987365723,False,,
31c78232-df85-4d16-877e-80ef9a25214a,Alibaba Opens Smart Manufacturing Headquarters in Shenzhen,Huawei,Company,2299,2305,0.9784336686134338,True,Huawei Technologies,Company
31c78232-df85-4d16-877e-80ef9a25214a,Alibaba Opens Smart Manufacturing Headquarters in Shenzhen,Chinese telecoms giant,Company,2385,2407,0.6064181923866272,False,,
31c78232-df85-4d16-877e-80ef9a25214a,Alibaba Opens Smart Manufacturing Headquarters in Shenzhen,Ren Zhengfei,Person,2418,2430,0.9780328273773193,False,,
31c78232-df85-4d16-877e-80ef9a25214a,Alibaba Opens Smart Manufacturing Headquarters in Shenzhen,Wang Yi,Person,2532,2539,0.9574818015098572,True,Wang Yi,Person
31c78232-df85-4d16-877e-80ef9a25214a,Alibaba Opens Smart Manufacturing Headquarters in Shenzhen,capital,Location,2581,2588,0.8158471584320068,False,,
31c78232-df85-4d16-877e-80ef9a25214a,Alibaba Opens Smart Manufacturing Headquarters in Shenzhen,Alibaba,Company,93,100,0.9843649864196777,True,Alibaba Group,Company
31c78232-df85-4d16-877e-80ef9a25214a,Alibaba Opens Smart Manufacturing Headquarters in Shenzhen,Alibaba,Company,1452,1459,0.9843649864196777,True,Alibaba Group,Company
31c78232-df85-4d16-877e-80ef9a25214a,Alibaba Opens Smart Manufacturing Headquarters in Shenzhen,Alibaba,Company,1875,1882,0.9843649864196777,True,Alibaba Group,Company
31c78232-df85-4d16-877e-80ef9a25214a,Alibaba Opens Smart Manufacturing Headquarters in Shenzhen,Alibaba,Company,2602,2609,0.9843649864196777,True,Alibaba Group,Company
31c78232-df85-4d16-877e-80ef9a25214a,Alibaba Opens Smart Manufacturing Headquarters in Shenzhen,China,Location,703,708,0.944739580154419,True,China,Location
31c78232-df85-4d16-877e-80ef9a25214a,Alibaba Opens Smart Manufacturing Headquarters in Shenzhen,China,Location,828,833,0.944739580154419,True,China,Location
31c78232-df85-4d16-877e-80ef9a25214a,Alibaba Opens Smart Manufacturing Headquarters in Shenzhen,China,Location,1909,1914,0.944739580154419,True,China,Location
31c78232-df85-4d16-877e-80ef9a25214a,Alibaba Opens Smart Manufacturing Headquarters in Shenzhen,China,Location,2332,2337,0.944739580154419,True,China,Location
31c78232-df85-4d16-877e-80ef9a25214a,Alibaba Opens Smart Manufacturing Headquarters in Shenzhen,China,Location,2719,2724,0.944739580154419,True,China,Location
31c78232-df85-4d16-877e-80ef9a25214a,Alibaba Opens Smart Manufacturing Headquarters in Shenzhen,top diplomat,Person,2727,2739,0.8346754312515259,False,,
34d31f06-ed93-49b7-8260-3eab48a780bf,China Unveils Ambitious Transportation Modernization Plan to Connect Mega-Regions,Beijing,Location,41,48,0.8888845443725586,True,Beijing,Location
34d31f06-ed93-49b7-8260-3eab48a780bf,China Unveils Ambitious Transportation Modernization Plan to Connect Mega-Regions,Beijing,Location,1653,1660,0.8888845443725586,True,Beijing,Location
34d31f06-ed93-49b7-8260-3eab48a780bf,China Unveils Ambitious Transportation Modernization Plan to Connect Mega-Regions,Beijing,Location,3307,3314,0.8888845443725586,True,Beijing,Location
34d31f06-ed93-49b7-8260-3eab48a780bf,China Unveils Ambitious Transportation Modernization Plan to Connect Mega-Regions,Premier Li Qiang,Person,336,352,0.9614474773406982,False,,
34d31f06-ed93-49b7-8260-3eab48a780bf,China Unveils Ambitious Transportation Modernization Plan to Connect Mega-Regions,Premier Li,Person,336,346,0.7289875149726868,True,Li Qiang,Person
34d31f06-ed93-49b7-8260-3eab48a780bf,China Unveils Ambitious Transportation Modernization Plan to Connect Mega-Regions,Premier Li,Person,636,646,0.7289875149726868,True,Li Qiang,Person
34d31f06-ed93-49b7-8260-3eab48a780bf,China Unveils Ambitious Transportation Modernization Plan to Connect Mega-Regions,Great Hall of the People,Location,689,713,0.9412362575531006,False,,
34d31f06-ed93-49b7-8260-3eab48a780bf,China Unveils Ambitious Transportation Modernization Plan to Connect Mega-Regions,Prime Minister,Person,719,733,0.6105126738548279,False,,
34d31f06-ed93-49b7-8260-3eab48a780bf,China Unveils Ambitious Transportation Modernization Plan to Connect Mega-Regions,President Xi,Person,774,786,0.9407906532287598,True,Xi Jinping,Person
34d31f06-ed93-49b7-8260-3eab48a780bf,China Unveils Ambitious Transportation Modernization Plan to Connect Mega-Regions,President Xi,Person,2728,2740,0.9407906532287598,True,Xi Jinping,Person
34d31f06-ed93-49b7-8260-3eab48a780bf,China Unveils Ambitious Transportation Modernization Plan to Connect Mega-Regions,China,Location,105,110,0.850753903388977,True,China,Location
34d31f06-ed93-49b7-8260-3eab48a780bf,China Unveils Ambitious Transportation Modernization Plan to Connect Mega-Regions,China,Location,560,565,0.850753903388977,True,China,Location
34d31f06-ed93-49b7-8260-3eab48a780bf,China Unveils Ambitious Transportation Modernization Plan to Connect Mega-Regions,China,Location,848,853,0.850753903388977,True,China,Location
34d31f06-ed93-49b7-8260-3eab48a780bf,China Unveils Ambitious Transportation Modernization Plan to Connect Mega-Regions,China,Location,1009,1014,0.850753903388977,True,China,Location
34d31f06-ed93-49b7-8260-3eab48a780bf,China Unveils Ambitious Transportation Modernization Plan to Connect Mega-Regions,China,Location,1131,1136,0.850753903388977,True,China,Location
34d31f06-ed93-49b7-8260-3eab48a780bf,China Unveils Ambitious Transportation Modernization Plan to Connect Mega-Regions,China,Location,1837,1842,0.850753903388977,True,China,Location
34d31f06-ed93-49b7-8260-3eab48a780bf,China Unveils Ambitious Transportation Modernization Plan to Connect Mega-Regions,Foreign Minister Wang Yi,Person,882,906,0.8741127848625183,False,,
34d31f06-ed93-49b7-8260-3eab48a780bf,China Unveils Ambitious Transportation Modernization Plan to Connect Mega-Regions,China,Location,105,110,0.9712609648704529,True,China,Location
34d31f06-ed93-49b7-8260-3eab48a780bf,China Unveils Ambitious Transportation Modernization Plan to Connect Mega-Regions,China,Location,560,565,0.9712609648704529,True,China,Location
34d31f06-ed93-49b7-8260-3eab48a780bf,China Unveils Ambitious Transportation Modernization Plan to Connect Mega-Regions,China,Location,848,853,0.9712609648704529,True,China,Location
34d31f06-ed93-49b7-8260-3eab48a780bf,China Unveils Ambitious Transportation Modernization Plan to Connect Mega-Regions,China,Location,1009,1014,0.9712609648704529,True,China,Location
34d31f06-ed93-49b7-8260-3eab48a780bf,China Unveils Ambitious Transportation Modernization Plan to Connect Mega-Regions,China,Location,1131,1136,0.9712609648704529,True,China,Location
34d31f06-ed93-49b7-8260-3eab48a780bf,China Unveils Ambitious Transportation Modernization Plan to Connect Mega-Regions,China,Location,1837,1842,0.9712609648704529,True,China,Location
34d31f06-ed93-49b7-8260-3eab48a780bf,China Unveils Ambitious Transportation Modernization Plan to Connect Mega-Regions,China,Location,105,110,0.9531506299972534,True,China,Location
34d31f06-ed93-49b7-8260-3eab48a780bf,China Unveils Ambitious Transportation Modernization Plan to Connect Mega-Regions,China,Location,560,565,0.9531506299972534,True,China,Location
34d31f06-ed93-49b7-8260-3eab48a780bf,China Unveils Ambitious Transportation Modernization Plan to Connect Mega-Regions,China,Location,848,853,0.9531506299972534,True,China,Location
34d31f06-ed93-49b7-8260-3eab48a780bf,China Unveils Ambitious Transportation Modernization Plan to Connect Mega-Regions,China,Location,1009,1014,0.9531506299972534,True,China,Location
34d31f06-ed93-49b7-8260-3eab48a780bf,China Unveils Ambitious Transportation Modernization Plan to Connect Mega-Regions,China,Location,1131,1136,0.9531506299972534,True,China,Location
34d31f06-ed93-49b7-8260-3eab48a780bf,China Unveils Ambitious Transportation Modernization Plan to Connect Mega-Regions,China,Location,1837,1842,0.9531506299972534,True,China,Location
34d31f06-ed93-49b7-8260-3eab48a780bf,China Unveils Ambitious Transportation Modernization Plan to Connect Mega-Regions,top diplomat,Person,1139,1151,0.8246408700942993,False,,
34d31f06-ed93-49b7-8260-3eab48a780bf,China Unveils Ambitious Transportation Modernization Plan to Connect Mega-Regions,Ministry of Foreign Affairs,Location,1162,1189,0.6535414457321167,False,,
34d31f06-ed93-49b7-8260-3eab48a780bf,China Unveils Ambitious Transportation Modernization Plan to Connect Mega-Regions,Wang,Person,899,903,0.969931423664093,True,Wang Yi,Person
34d31f06-ed93-49b7-8260-3eab48a780bf,China Unveils Ambitious Transportation Modernization Plan to Connect Mega-Regions,Wang,Person,1200,1204,0.969931423664093,True,Wang Yi,Person
34d31f06-ed93-49b7-8260-3eab48a780bf,China Unveils Ambitious Transportation Modernization Plan to Connect Mega-Regions,developing nations,Location,1283,1301,0.5556082129478455,False,,
34d31f06-ed93-49b7-8260-3eab48a780bf,China Unveils Ambitious Transportation Modernization Plan to Connect Mega-Regions,Huawei Technologies,Company,1505,1524,0.9798453450202942,True,Huawei Technologies,Company
34d31f06-ed93-49b7-8260-3eab48a780bf,China Unveils Ambitious Transportation Modernization Plan to Connect Mega-Regions,Shenzhen-based,Location,1530,1544,0.6583096981048584,False,,
34d31f06-ed93-49b7-8260-3eab48a780bf,China Unveils Ambitious Transportation Modernization Plan to Connect Mega-Regions,Beijing,Location,41,48,0.9603611826896667,True,Beijing,Location
34d31f06-ed93-49b7-8260-3eab48a780bf,China Unveils Ambitious Transportation Modernization Plan to Connect Mega-Regions,Beijing,Location,1653,1660,0.9603611826896667,True,Beijing,Location
34d31f06-ed93-49b7-8260-3eab48a780bf,China Unveils Ambitious Transportation Modernization Plan to Connect Mega-Regions,Beijing,Location,3307,3314,0.9603611826896667,True,Beijing,Location
34d31f06-ed93-49b7-8260-3eab48a780bf,China Unveils Ambitious Transportation Modernization Plan to Connect Mega-Regions,Greater Bay Area,Location,1669,1685,0.9187837839126587,False,,
34d31f06-ed93-49b7-8260-3eab48a780bf,China Unveils Ambitious Transportation Modernization Plan to Connect Mega-Regions,Greater Bay Area,Location,2462,2478,0.9187837839126587,False,,
34d31f06-ed93-49b7-8260-3eab48a780bf,China Unveils Ambitious Transportation Modernization Plan to Connect Mega-Regions,Ren Zhengfei,Person,1691,1703,0.9762433171272278,False,,
34d31f06-ed93-49b7-8260-3eab48a780bf,China Unveils Ambitious Transportation Modernization Plan to Connect Mega-Regions,Huawei,Company,1505,1511,0.9601003527641296,True,Huawei Technologies,Company
34d31f06-ed93-49b7-8260-3eab48a780bf,China Unveils Ambitious Transportation Modernization Plan to Connect Mega-Regions,Huawei,Company,1719,1725,0.9601003527641296,True,Huawei Technologies,Company
34d31f06-ed93-49b7-8260-3eab48a780bf,China Unveils Ambitious Transportation Modernization Plan to Connect Mega-Regions,China,Location,105,110,0.9144599437713623,True,China,Location
34d31f06-ed93-49b7-8260-3eab48a780bf,China Unveils Ambitious Transportation Modernization Plan to Connect Mega-Regions,China,Location,560,565,0.9144599437713623,True,China,Location
34d31f06-ed93-49b7-8260-3eab48a780bf,China Unveils Ambitious Transportation Modernization Plan to Connect Mega-Regions,China,Location,848,853,0.9144599437713623,True,China,Location
34d31f06-ed93-49b7-8260-3eab48a780bf,China Unveils Ambitious Transportation Modernization Plan to Connect Mega-Regions,China,Location,1009,1014,0.9144599437713623,True,China,Location
34d31f06-ed93-49b7-8260-3eab48a780bf,China Unveils Ambitious Transportation Modernization Plan to Connect Mega-Regions,China,Location,1131,1136,0.9144599437713623,True,China,Location
34d31f06-ed93-49b7-8260-3eab48a780bf,China Unveils Ambitious Transportation Modernization Plan to Connect Mega-Regions,China,Location,1837,1842,0.9144599437713623,True,China,Location
34d31f06-ed93-49b7-8260-3eab48a780bf,China Unveils Ambitious Transportation Modernization Plan to Connect Mega-Regions,Alibaba Group,Company,1885,1898,0.9835014939308167,True,Alibaba Group,Company
34d31f06-ed93-49b7-8260-3eab48a780bf,China Unveils Ambitious Transportation Modernization Plan to Connect Mega-Regions,Hangzhou-based,Location,1904,1918,0.7356857061386108,False,,
34d31f06-ed93-49b7-8260-3eab48a780bf,China Unveils Ambitious Transportation Modernization Plan to Connect Mega-Regions,CEO,Person,1687,1690,0.5006108283996582,False,,
34d31f06-ed93-49b7-8260-3eab48a780bf,China Unveils Ambitious Transportation Modernization Plan to Connect Mega-Regions,CEO,Person,2070,2073,0.5006108283996582,False,,
34d31f06-ed93-49b7-8260-3eab48a780bf,China Unveils Ambitious Transportation Modernization Plan to Connect Mega-Regions,Eddie Yongming Wu,Person,2074,2091,0.7478392720222473,False,,
34d31f06-ed93-49b7-8260-3eab48a780bf,China Unveils Ambitious Transportation Modernization Plan to Connect Mega-Regions,Shanghai,Location,2145,2153,0.9523903131484985,True,Shanghai,Location
34d31f06-ed93-49b7-8260-3eab48a780bf,China Unveils Ambitious Transportation Modernization Plan to Connect Mega-Regions,Shanghai,Location,2704,2712,0.9523903131484985,True,Shanghai,Location
34d31f06-ed93-49b7-8260-3eab48a780bf,China Unveils Ambitious Transportation Modernization Plan to Connect Mega-Regions,Alibaba,Company,1885,1892,0.9873993396759033,True,Alibaba Group,Company
34d31f06-ed93-49b7-8260-3eab48a780bf,China Unveils Ambitious Transportation Modernization Plan to Connect Mega-Regions,Alibaba,Company,2184,2191,0.9873993396759033,True,Alibaba Group,Company
34d31f06-ed93-49b7-8260-3eab48a780bf,China Unveils Ambitious Transportation Modernization Plan to Connect Mega-Regions,imperial city,Location,2302,2315,0.6254627704620361,False,,
34d31f06-ed93-49b7-8260-3eab48a780bf,China Unveils Ambitious Transportation Modernization Plan to Connect Mega-Regions,National Transportation Innovation Center,Location,2389,2430,0.7056039571762085,False,,
34d31f06-ed93-49b7-8260-3eab48a780bf,China Unveils Ambitious Transportation Modernization Plan to Connect Mega-Regions,The Greater Bay Area,Location,2458,2478,0.8553580045700073,False,,
34d31f06-ed93-49b7-8260-3eab48a780bf,China Unveils Ambitious Transportation Modernization Plan to Connect Mega-Regions,Yangtze River Delta,Location,2603,2622,0.9429085850715637,False,,
34d31f06-ed93-49b7-8260-3eab48a780bf,China Unveils Ambitious Transportation Modernization Plan to Connect Mega-Regions,Shanghai,Location,2145,2153,0.9640429019927979,True,Shanghai,Location
34d31f06-ed93-49b7-8260-3eab48a780bf,China Unveils Ambitious Transportation Modernization Plan to Connect Mega-Regions,Shanghai,Location,2704,2712,0.9640429019927979,True,Shanghai,Location
34d31f06-ed93-49b7-8260-3eab48a780bf,China Unveils Ambitious Transportation Modernization Plan to Connect Mega-Regions,Hangzhou,Location,1904,1912,0.9616743922233582,False,,
34d31f06-ed93-49b7-8260-3eab48a780bf,China Unveils Ambitious Transportation Modernization Plan to Connect Mega-Regions,Hangzhou,Location,2717,2725,0.9616743922233582,False,,
34d31f06-ed93-49b7-8260-3eab48a780bf,China Unveils Ambitious Transportation Modernization Plan to Connect Mega-Regions,President Xi Jinping,Person,2728,2748,0.9596997499465942,False,,
34d31f06-ed93-49b7-8260-3eab48a780bf,China Unveils Ambitious Transportation Modernization Plan to Connect Mega-Regions,nation,Location,209,215,0.5999816060066223,False,,
34d31f06-ed93-49b7-8260-3eab48a780bf,China Unveils Ambitious Transportation Modernization Plan to Connect Mega-Regions,nation,Location,935,941,0.5999816060066223,False,,
34d31f06-ed93-49b7-8260-3eab48a780bf,China Unveils Ambitious Transportation Modernization Plan to Connect Mega-Regions,nation,Location,1294,1300,0.5999816060066223,False,,
34d31f06-ed93-49b7-8260-3eab48a780bf,China Unveils Ambitious Transportation Modernization Plan to Connect Mega-Regions,nation,Location,2367,2373,0.5999816060066223,False,,
34d31f06-ed93-49b7-8260-3eab48a780bf,China Unveils Ambitious Transportation Modernization Plan to Connect Mega-Regions,nation,Location,2945,2951,0.5999816060066223,False,,
34d31f06-ed93-49b7-8260-3eab48a780bf,China Unveils Ambitious Transportation Modernization Plan to Connect Mega-Regions,nation,Location,3338,3344,0.5999816060066223,False,,
34d31f06-ed93-49b7-8260-3eab48a780bf,China Unveils Ambitious Transportation Modernization Plan to Connect Mega-Regions,Core Leader,Person,2974,2985,0.9413257837295532,True,Xi Jinping,Person
34d31f06-ed93-49b7-8260-3eab48a780bf,China Unveils Ambitious Transportation Modernization Plan to Connect Mega-Regions,rail construction,Location,3239,3256,0.8263791799545288,False,,
34d31f06-ed93-49b7-8260-3eab48a780bf,China Unveils Ambitious Transportation Modernization Plan to Connect Mega-Regions,technology development,Location,3258,3280,0.6003060340881348,False,,
34d31f06-ed93-49b7-8260-3eab48a780bf,China Unveils Ambitious Transportation Modernization Plan to Connect Mega-Regions,green manufacturing,Location,3286,3305,0.598314106464386,False,,
34d31f06-ed93-49b7-8260-3eab48a780bf,China Unveils Ambitious Transportation Modernization Plan to Connect Mega-Regions,Beijing,Location,41,48,0.9876781105995178,True,Beijing,Location
34d31f06-ed93-49b7-8260-3eab48a780bf,China Unveils Ambitious Transportation Modernization Plan to Connect Mega-Regions,Beijing,Location,1653,1660,0.9876781105995178,True,Beijing,Location
34d31f06-ed93-49b7-8260-3eab48a780bf,China Unveils Ambitious Transportation Modernization Plan to Connect Mega-Regions,Beijing,Location,3307,3314,0.9876781105995178,True,Beijing,Location
521477c9-902e-4f32-9afd-c6704bb0ff27,China Launches Major Infrastructure Investment Plan,Beijing,Location,37,44,0.9664032459259033,True,Beijing,Location
521477c9-902e-4f32-9afd-c6704bb0ff27,China Launches Major Infrastructure Investment Plan,Beijing,Location,293,300,0.9664032459259033,True,Beijing,Location
521477c9-902e-4f32-9afd-c6704bb0ff27,China Launches Major Infrastructure Investment Plan,Beijing,Location,966,973,0.9664032459259033,True,Beijing,Location
521477c9-902e-4f32-9afd-c6704bb0ff27,China Launches Major Infrastructure Investment Plan,Beijing,Location,1121,1128,0.9664032459259033,True,Beijing,Location
521477c9-902e-4f32-9afd-c6704bb0ff27,China Launches Major Infrastructure Investment Plan,Beijing,Location,1333,1340,0.9664032459259033,True,Beijing,Location
521477c9-902e-4f32-9afd-c6704bb0ff27,China Launches Major Infrastructure Investment Plan,Beijing,Location,1459,1466,0.9664032459259033,True,Beijing,Location
521477c9-902e-4f32-9afd-c6704bb0ff27,China Launches Major Infrastructure Investment Plan,Li Qiang,Person,62,70,0.8122648000717163,True,Li Qiang,Person
521477c9-902e-4f32-9afd-c6704bb0ff27,China Launches Major Infrastructure Investment Plan,President Xi Jinping,Person,210,230,0.9139273166656494,False,,
521477c9-902e-4f32-9afd-c6704bb0ff27,China Launches Major Infrastructure Investment Plan,Beijing,Location,37,44,0.9654415845870972,True,Beijing,Location
521477c9-902e-4f32-9afd-c6704bb0ff27,China Launches Major Infrastructure Investment Plan,Beijing,Location,293,300,0.9654415845870972,True,Beijing,Location
521477c9-902e-4f32-9afd-c6704bb0ff27,China Launches Major Infrastructure Investment Plan,Beijing,Location,966,973,0.9654415845870972,True,Beijing,Location
521477c9-902e-4f32-9afd-c6704bb0ff27,China Launches Major Infrastructure Investment Plan,Beijing,Location,1121,1128,0.9654415845870972,True,Beijing,Location
521477c9-902e-4f32-9afd-c6704bb0ff27,China Launches Major Infrastructure Investment Plan,Beijing,Location,1333,1340,0.9654415845870972,True,Beijing,Location
521477c9-902e-4f32-9afd-c6704bb0ff27,China Launches Major Infrastructure Investment Plan,Beijing,Location,1459,1466,0.9654415845870972,True,Beijing,Location
521477c9-902e-4f32-9afd-c6704bb0ff27,China Launches Major Infrastructure Investment Plan,Foreign Minister,Person,356,372,0.7251314520835876,False,,
521477c9-902e-4f32-9afd-c6704bb0ff27,China Launches Major Infrastructure Investment Plan,Wang Yi,Person,373,380,0.9334658980369568,True,Wang Yi,Person
521477c9-902e-4f32-9afd-c6704bb0ff27,China Launches Major Infrastructure Investment Plan,Shanghai,Location,460,468,0.909906268119812,True,Shanghai,Location
521477c9-902e-4f32-9afd-c6704bb0ff27,China Launches Major Infrastructure Investment Plan,Shanghai,Location,1019,1027,0.909906268119812,True,Shanghai,Location
521477c9-902e-4f32-9afd-c6704bb0ff27,China Launches Major Infrastructure Investment Plan,Shanghai,Location,1188,1196,0.909906268119812,True,Shanghai,Location
521477c9-902e-4f32-9afd-c6704bb0ff27,China Launches Major Infrastructure Investment Plan,Shanghai,Location,1498,1506,0.909906268119812,True,Shanghai,Location
521477c9-902e-4f32-9afd-c6704bb0ff27,China Launches Major Infrastructure Investment Plan,Huawei Technologies,Company,524,543,0.9817134737968445,True,Huawei Technologies,Company
521477c9-902e-4f32-9afd-c6704bb0ff27,China Launches Major Infrastructure Investment Plan,Shenzhen,Location,549,557,0.9456209540367126,False,,
521477c9-902e-4f32-9afd-c6704bb0ff27,China Launches Major Infrastructure Investment Plan,Shenzhen,Location,1201,1209,0.9456209540367126,False,,
521477c9-902e-4f32-9afd-c6704bb0ff27,China Launches Major Infrastructure Investment Plan,Greater Bay Area,Location,601,617,0.9150746464729309,False,,
521477c9-902e-4f32-9afd-c6704bb0ff27,China Launches Major Infrastructure Investment Plan,Greater Bay Area,Location,1215,1231,0.9150746464729309,False,,
521477c9-902e-4f32-9afd-c6704bb0ff27,China Launches Major Infrastructure Investment Plan,Ren Zhengfei,Person,623,635,0.9774202704429626,False,,
521477c9-902e-4f32-9afd-c6704bb0ff27,China Launches Major Infrastructure Investment Plan,Huawei,Company,524,530,0.9783759117126465,True,Huawei Technologies,Company
521477c9-902e-4f32-9afd-c6704bb0ff27,China Launches Major Infrastructure Investment Plan,Huawei,Company,645,651,0.9783759117126465,True,Huawei Technologies,Company
521477c9-902e-4f32-9afd-c6704bb0ff27,China Launches Major Infrastructure Investment Plan,China,Location,0,5,0.657217264175415,True,China,Location
521477c9-902e-4f32-9afd-c6704bb0ff27,China Launches Major Infrastructure Investment Plan,China,Location,382,387,0.657217264175415,True,China,Location
521477c9-902e-4f32-9afd-c6704bb0ff27,China Launches Major Infrastructure Investment Plan,China,Location,679,684,0.657217264175415,True,China,Location
521477c9-902e-4f32-9afd-c6704bb0ff27,China Launches Major Infrastructure Investment Plan,China,Location,936,941,0.657217264175415,True,China,Location
521477c9-902e-4f32-9afd-c6704bb0ff27,China Launches Major Infrastructure Investment Plan,China,Location,1100,1105,0.657217264175415,True,China,Location
521477c9-902e-4f32-9afd-c6704bb0ff27,China Launches Major Infrastructure Investment Plan,China,Location,1357,1362,0.657217264175415,True,China,Location
521477c9-902e-4f32-9afd-c6704bb0ff27,China Launches Major Infrastructure Investment Plan,Alibaba Group,Company,714,727,0.9800926446914673,True,Alibaba Group,Company
521477c9-902e-4f32-9afd-c6704bb0ff27,China Launches Major Infrastructure Investment Plan,Hangzhou,Location,733,741,0.9472337961196899,False,,
521477c9-902e-4f32-9afd-c6704bb0ff27,China Launches Major Infrastructure Investment Plan,Yangtze River Delta,Location,796,815,0.9626721739768982,False,,
521477c9-902e-4f32-9afd-c6704bb0ff27,China Launches Major Infrastructure Investment Plan,Yangtze River Delta,Location,1236,1255,0.9626721739768982,False,,
521477c9-902e-4f32-9afd-c6704bb0ff27,China Launches Major Infrastructure Investment Plan,Eddie Yongming Wu,Person,849,866,0.8365920186042786,False,,
521477c9-902e-4f32-9afd-c6704bb0ff27,China Launches Major Infrastructure Investment Plan,Alibaba,Company,714,721,0.9804777503013611,True,Alibaba Group,Company
521477c9-902e-4f32-9afd-c6704bb0ff27,China Launches Major Infrastructure Investment Plan,Alibaba,Company,875,882,0.9804777503013611,True,Alibaba Group,Company
521477c9-902e-4f32-9afd-c6704bb0ff27,China Launches Major Infrastructure Investment Plan,China State Construction,Company,936,960,0.9048243761062622,True,China State Construction Engineering Corporation,Company
521477c9-902e-4f32-9afd-c6704bb0ff27,China Launches Major Infrastructure Investment Plan,Beijing,Location,37,44,0.975937008857727,True,Beijing,Location
521477c9-902e-4f32-9afd-c6704bb0ff27,China Launches Major Infrastructure Investment Plan,Beijing,Location,293,300,0.975937008857727,True,Beijing,Location
521477c9-902e-4f32-9afd-c6704bb0ff27,China Launches Major Infrastructure Investment Plan,Beijing,Location,966,973,0.975937008857727,True,Beijing,Location
521477c9-902e-4f32-9afd-c6704bb0ff27,China Launches Major Infrastructure Investment Plan,Beijing,Location,1121,1128,0.975937008857727,True,Beijing,Location
521477c9-902e-4f32-9afd-c6704bb0ff27,China Launches Major Infrastructure Investment Plan,Beijing,Location,1333,1340,0.975937008857727,True,Beijing,Location
521477c9-902e-4f32-9afd-c6704bb0ff27,China Launches Major Infrastructure Investment Plan,Beijing,Location,1459,1466,0.975937008857727,True,Beijing,Location
521477c9-902e-4f32-9afd-c6704bb0ff27,China Launches Major Infrastructure Investment Plan,Shanghai,Location,460,468,0.980243444442749,True,Shanghai,Location
521477c9-902e-4f32-9afd-c6704bb0ff27,China Launches Major Infrastructure Investment Plan,Shanghai,Location,1019,1027,0.980243444442749,True,Shanghai,Location
521477c9-902e-4f32-9afd-c6704bb0ff27,China Launches Major Infrastructure Investment Plan,Shanghai,Location,1188,1196,0.980243444442749,True,Shanghai,Location
521477c9-902e-4f32-9afd-c6704bb0ff27,China Launches Major Infrastructure Investment Plan,Shanghai,Location,1498,1506,0.980243444442749,True,Shanghai,Location
521477c9-902e-4f32-9afd-c6704bb0ff27,China Launches Major Infrastructure Investment Plan,Wang Xiangming,Person,1038,1052,0.8631351590156555,False,,
521477c9-902e-4f32-9afd-c6704bb0ff27,China Launches Major Infrastructure Investment Plan,CSCEC,Company,1065,1070,0.6351292729377747,True,China State Construction Engineering Corporation,Company
521477c9-902e-4f32-9afd-c6704bb0ff27,China Launches Major Infrastructure Investment Plan,Beijing,Location,37,44,0.9656252861022949,True,Beijing,Location
521477c9-902e-4f32-9afd-c6704bb0ff27,China Launches Major Infrastructure Investment Plan,Beijing,Location,293,300,0.9656252861022949,True,Beijing,Location
521477c9-902e-4f32-9afd-c6704bb0ff27,China Launches Major Infrastructure Investment Plan,Beijing,Location,966,973,0.9656252861022949,True,Beijing,Location
521477c9-902e-4f32-9afd-c6704bb0ff27,China Launches Major Infrastructure Investment Plan,Beijing,Location,1121,1128,0.9656252861022949,True,Beijing,Location
521477c9-902e-4f32-9afd-c6704bb0ff27,China Launches Major Infrastructure Investment Plan,Beijing,Location,1333,1340,0.9656252861022949,True,Beijing,Location
521477c9-902e-4f32-9afd-c6704bb0ff27,China Launches Major Infrastructure Investment Plan,Beijing,Location,1459,1466,0.9656252861022949,True,Beijing,Location
521477c9-902e-4f32-9afd-c6704bb0ff27,China Launches Major Infrastructure Investment Plan,Shanghai,Location,460,468,0.9823986887931824,True,Shanghai,Location
521477c9-902e-4f32-9afd-c6704bb0ff27,China Launches Major Infrastructure Investment Plan,Shanghai,Location,1019,1027,0.9823986887931824,True,Shanghai,Location
521477c9-902e-4f32-9afd-c6704bb0ff27,China Launches Major Infrastructure Investment Plan,Shanghai,Location,1188,1196,0.9823986887931824,True,Shanghai,Location
521477c9-902e-4f32-9afd-c6704bb0ff27,China Launches Major Infrastructure Investment Plan,Shanghai,Location,1498,1506,0.9823986887931824,True,Shanghai,Location
521477c9-902e-4f32-9afd-c6704bb0ff27,China Launches Major Infrastructure Investment Plan,Shenzhen,Location,549,557,0.9668000340461731,False,,
521477c9-902e-4f32-9afd-c6704bb0ff27,China Launches Major Infrastructure Investment Plan,Shenzhen,Location,1201,1209,0.9668000340461731,False,,
521477c9-902e-4f32-9afd-c6704bb0ff27,China Launches Major Infrastructure Investment Plan,Greater Bay Area,Location,601,617,0.8498105406761169,False,,
521477c9-902e-4f32-9afd-c6704bb0ff27,China Launches Major Infrastructure Investment Plan,Greater Bay Area,Location,1215,1231,0.8498105406761169,False,,
521477c9-902e-4f32-9afd-c6704bb0ff27,China Launches Major Infrastructure Investment Plan,Yangtze River Delta,Location,796,815,0.9627746343612671,False,,
521477c9-902e-4f32-9afd-c6704bb0ff27,China Launches Major Infrastructure Investment Plan,Yangtze River Delta,Location,1236,1255,0.9627746343612671,False,,
521477c9-902e-4f32-9afd-c6704bb0ff27,China Launches Major Infrastructure Investment Plan,Xi,Person,220,222,0.9881590604782104,True,Xi Jinping,Person
521477c9-902e-4f32-9afd-c6704bb0ff27,China Launches Major Infrastructure Investment Plan,Xi,Person,1043,1045,0.9881590604782104,True,Xi Jinping,Person
521477c9-902e-4f32-9afd-c6704bb0ff27,China Launches Major Infrastructure Investment Plan,Xi,Person,1282,1284,0.9881590604782104,True,Xi Jinping,Person
521477c9-902e-4f32-9afd-c6704bb0ff27,China Launches Major Infrastructure Investment Plan,Beijing,Location,37,44,0.985798180103302,True,Beijing,Location
521477c9-902e-4f32-9afd-c6704bb0ff27,China Launches Major Infrastructure Investment Plan,Beijing,Location,293,300,0.985798180103302,True,Beijing,Location
521477c9-902e-4f32-9afd-c6704bb0ff27,China Launches Major Infrastructure Investment Plan,Beijing,Location,966,973,0.985798180103302,True,Beijing,Location
521477c9-902e-4f32-9afd-c6704bb0ff27,China Launches Major Infrastructure Investment Plan,Beijing,Location,1121,1128,0.985798180103302,True,Beijing,Location
521477c9-902e-4f32-9afd-c6704bb0ff27,China Launches Major Infrastructure Investment Plan,Beijing,Location,1333,1340,0.985798180103302,True,Beijing,Location
521477c9-902e-4f32-9afd-c6704bb0ff27,China Launches Major Infrastructure Investment Plan,Beijing,Location,1459,1466,0.985798180103302,True,Beijing,Location
521477c9-902e-4f32-9afd-c6704bb0ff27,China Launches Major Infrastructure Investment Plan,China,Location,0,5,0.5541996955871582,True,China,Location
521477c9-902e-4f32-9afd-c6704bb0ff27,China Launches Major Infrastructure Investment Plan,China,Location,382,387,0.5541996955871582,True,China,Location
521477c9-902e-4f32-9afd-c6704bb0ff27,China Launches Major Infrastructure Investment Plan,China,Location,679,684,0.5541996955871582,True,China,Location
521477c9-902e-4f32-9afd-c6704bb0ff27,China Launches Major Infrastructure Investment Plan,China,Location,936,941,0.5541996955871582,True,China,Location
521477c9-902e-4f32-9afd-c6704bb0ff27,China Launches Major Infrastructure Investment Plan,China,Location,1100,1105,0.5541996955871582,True,China,Location
521477c9-902e-4f32-9afd-c6704bb0ff27,China Launches Major Infrastructure Investment Plan,China,Location,1357,1362,0.5541996955871582,True,China,Location
521477c9-902e-4f32-9afd-c6704bb0ff27,China Launches Major Infrastructure Investment Plan,Analysts,Company,1446,1454,0.6174317002296448,False,,
521477c9-902e-4f32-9afd-c6704bb0ff27,China Launches Major Infrastructure Investment Plan,Beijing,Location,37,44,0.9841989278793335,True,Beijing,Location
521477c9-902e-4f32-9afd-c6704bb0ff27,China Launches Major Infrastructure Investment Plan,Beijing,Location,293,300,0.9841989278793335,True,Beijing,Location
521477c9-902e-4f32-9afd-c6704bb0ff27,China Launches Major Infrastructure Investment Plan,Beijing,Location,966,973,0.9841989278793335,True,Beijing,Location
521477c9-902e-4f32-9afd-c6704bb0ff27,China Launches Major Infrastructure Investment Plan,Beijing,Location,1121,1128,0.9841989278793335,True,Beijing,Location
521477c9-902e-4f32-9afd-c6704bb0ff27,China Launches Major Infrastructure Investment Plan,Beijing,Location,1333,1340,0.9841989278793335,True,Beijing,Location
521477c9-902e-4f32-9afd-c6704bb0ff27,China Launches Major Infrastructure Investment Plan,Beijing,Location,1459,1466,0.9841989278793335,True,Beijing,Location
521477c9-902e-4f32-9afd-c6704bb0ff27,China Launches Major Infrastructure Investment Plan,Shanghai,Location,460,468,0.9684128165245056,True,Shanghai,Location
521477c9-902e-4f32-9afd-c6704bb0ff27,China Launches Major Infrastructure Investment Plan,Shanghai,Location,1019,1027,0.9684128165245056,True,Shanghai,Location
521477c9-902e-4f32-9afd-c6704bb0ff27,China Launches Major Infrastructure Investment Plan,Shanghai,Location,1188,1196,0.9684128165245056,True,Shanghai,Location
521477c9-902e-4f32-9afd-c6704bb0ff27,China Launches Major Infrastructure Investment Plan,Shanghai,Location,1498,1506,0.9684128165245056,True,Shanghai,Location
762b0c9d-b11b-49f9-ba2a-263339bf36bd,China and ASEAN Sign Landmark Digital Trade Agreement,Beijing,Location,37,44,0.8285167813301086,True,Beijing,Location
762b0c9d-b11b-49f9-ba2a-263339bf36bd,China and ASEAN Sign Landmark Digital Trade Agreement,Great Hall of the People,Location,311,335,0.830354630947113,False,,
762b0c9d-b11b-49f9-ba2a-263339bf36bd,China and ASEAN Sign Landmark Digital Trade Agreement,China,Location,82,87,0.7100521922111511,True,China,Location
762b0c9d-b11b-49f9-ba2a-263339bf36bd,China and ASEAN Sign Landmark Digital Trade Agreement,China,Location,339,344,0.7100521922111511,True,China,Location
762b0c9d-b11b-49f9-ba2a-263339bf36bd,China and ASEAN Sign Landmark Digital Trade Agreement,China,Location,416,421,0.7100521922111511,True,China,Location
762b0c9d-b11b-49f9-ba2a-263339bf36bd,China and ASEAN Sign Landmark Digital Trade Agreement,China,Location,616,621,0.7100521922111511,True,China,Location
762b0c9d-b11b-49f9-ba2a-263339bf36bd,China and ASEAN Sign Landmark Digital Trade Agreement,China,Location,1311,1316,0.7100521922111511,True,China,Location
762b0c9d-b11b-49f9-ba2a-263339bf36bd,China and ASEAN Sign Landmark Digital Trade Agreement,China,Location,3070,3075,0.7100521922111511,True,China,Location
762b0c9d-b11b-49f9-ba2a-263339bf36bd,China and ASEAN Sign Landmark Digital Trade Agreement,China,Location,3213,3218,0.7100521922111511,True,China,Location
762b0c9d-b11b-49f9-ba2a-263339bf36bd,China and ASEAN Sign Landmark Digital Trade Agreement,China,Location,82,87,0.5841038227081299,True,China,Location
762b0c9d-b11b-49f9-ba2a-263339bf36bd,China and ASEAN Sign Landmark Digital Trade Agreement,China,Location,339,344,0.5841038227081299,True,China,Location
762b0c9d-b11b-49f9-ba2a-263339bf36bd,China and ASEAN Sign Landmark Digital Trade Agreement,China,Location,416,421,0.5841038227081299,True,China,Location
762b0c9d-b11b-49f9-ba2a-263339bf36bd,China and ASEAN Sign Landmark Digital Trade Agreement,China,Location,616,621,0.5841038227081299,True,China,Location
762b0c9d-b11b-49f9-ba2a-263339bf36bd,China and ASEAN Sign Landmark Digital Trade Agreement,China,Location,1311,1316,0.5841038227081299,True,China,Location
762b0c9d-b11b-49f9-ba2a-263339bf36bd,China and ASEAN Sign Landmark Digital Trade Agreement,China,Location,3070,3075,0.5841038227081299,True,China,Location
762b0c9d-b11b-49f9-ba2a-263339bf36bd,China and ASEAN Sign Landmark Digital Trade Agreement,China,Location,3213,3218,0.5841038227081299,True,China,Location
762b0c9d-b11b-49f9-ba2a-263339bf36bd,China and ASEAN Sign Landmark Digital Trade Agreement,General Secretary Xi,Person,455,475,0.9618079662322998,True,Xi Jinping,Person
762b0c9d-b11b-49f9-ba2a-263339bf36bd,China and ASEAN Sign Landmark Digital Trade Agreement,Chinese President,Person,712,729,0.8368828296661377,True,Xi Jinping,Person
762b0c9d-b11b-49f9-ba2a-263339bf36bd,China and ASEAN Sign Landmark Digital Trade Agreement,Core Leader,Person,742,753,0.7651856541633606,True,Xi Jinping,Person
762b0c9d-b11b-49f9-ba2a-263339bf36bd,China and ASEAN Sign Landmark Digital Trade Agreement,Premier Li Qiang,Person,877,893,0.8460654616355896,False,,
762b0c9d-b11b-49f9-ba2a-263339bf36bd,China and ASEAN Sign Landmark Digital Trade Agreement,Prime Minister,Person,1146,1160,0.5915684103965759,False,,
762b0c9d-b11b-49f9-ba2a-263339bf36bd,China and ASEAN Sign Landmark Digital Trade Agreement,China,Location,82,87,0.840045690536499,True,China,Location
762b0c9d-b11b-49f9-ba2a-263339bf36bd,China and ASEAN Sign Landmark Digital Trade Agreement,China,Location,339,344,0.840045690536499,True,China,Location
762b0c9d-b11b-49f9-ba2a-263339bf36bd,China and ASEAN Sign Landmark Digital Trade Agreement,China,Location,416,421,0.840045690536499,True,China,Location
762b0c9d-b11b-49f9-ba2a-263339bf36bd,China and ASEAN Sign Landmark Digital Trade Agreement,China,Location,616,621,0.840045690536499,True,China,Location
762b0c9d-b11b-49f9-ba2a-263339bf36bd,China and ASEAN Sign Landmark Digital Trade Agreement,China,Location,1311,1316,0.840045690536499,True,China,Location
762b0c9d-b11b-49f9-ba2a-263339bf36bd,China and ASEAN Sign Landmark Digital Trade Agreement,China,Location,3070,3075,0.840045690536499,True,China,Location
762b0c9d-b11b-49f9-ba2a-263339bf36bd,China and ASEAN Sign Landmark Digital Trade Agreement,China,Location,3213,3218,0.840045690536499,True,China,Location
762b0c9d-b11b-49f9-ba2a-263339bf36bd,China and ASEAN Sign Landmark Digital Trade Agreement,Foreign Minister Wang,Person,1466,1487,0.8851922750473022,True,Wang Yi,Person
762b0c9d-b11b-49f9-ba2a-263339bf36bd,China and ASEAN Sign Landmark Digital Trade Agreement,Ministry of Foreign Affairs,Location,1526,1553,0.8260911703109741,False,,
762b0c9d-b11b-49f9-ba2a-263339bf36bd,China and ASEAN Sign Landmark Digital Trade Agreement,Wang Yi,Person,1555,1562,0.9490165710449219,True,Wang Yi,Person
762b0c9d-b11b-49f9-ba2a-263339bf36bd,China and ASEAN Sign Landmark Digital Trade Agreement,Jack Ma,Person,1654,1661,0.9632238745689392,False,,
762b0c9d-b11b-49f9-ba2a-263339bf36bd,China and ASEAN Sign Landmark Digital Trade Agreement,Southeast Asia,Location,111,125,0.8923430442810059,False,,
762b0c9d-b11b-49f9-ba2a-263339bf36bd,China and ASEAN Sign Landmark Digital Trade Agreement,Southeast Asia,Location,1835,1849,0.8923430442810059,False,,
762b0c9d-b11b-49f9-ba2a-263339bf36bd,China and ASEAN Sign Landmark Digital Trade Agreement,Southeast Asia,Location,2363,2377,0.8923430442810059,False,,
762b0c9d-b11b-49f9-ba2a-263339bf36bd,China and ASEAN Sign Landmark Digital Trade Agreement,Indonesia,Location,1878,1887,0.9705963730812073,False,,
762b0c9d-b11b-49f9-ba2a-263339bf36bd,China and ASEAN Sign Landmark Digital Trade Agreement,Vietnam,Location,1892,1899,0.9567649364471436,False,,
762b0c9d-b11b-49f9-ba2a-263339bf36bd,China and ASEAN Sign Landmark Digital Trade Agreement,BABA,Company,1901,1905,0.9486603736877441,True,Alibaba Group,Company
762b0c9d-b11b-49f9-ba2a-263339bf36bd,China and ASEAN Sign Landmark Digital Trade Agreement,Daniel Zhang,Person,1912,1924,0.9803834557533264,False,,
762b0c9d-b11b-49f9-ba2a-263339bf36bd,China and ASEAN Sign Landmark Digital Trade Agreement,Pony Ma,Person,2033,2040,0.5756825804710388,False,,
762b0c9d-b11b-49f9-ba2a-263339bf36bd,China and ASEAN Sign Landmark Digital Trade Agreement,ASEAN region,Location,2239,2251,0.7861039638519287,False,,
762b0c9d-b11b-49f9-ba2a-263339bf36bd,China and ASEAN Sign Landmark Digital Trade Agreement,Tencent,Company,2253,2260,0.8950363993644714,True,Tencent Holdings,Company
762b0c9d-b11b-49f9-ba2a-263339bf36bd,China and ASEAN Sign Landmark Digital Trade Agreement,Singapore,Location,2333,2342,0.9659653306007385,False,,
762b0c9d-b11b-49f9-ba2a-263339bf36bd,China and ASEAN Sign Landmark Digital Trade Agreement,Shenzhen,Location,2436,2444,0.9543323516845703,False,,
762b0c9d-b11b-49f9-ba2a-263339bf36bd,China and ASEAN Sign Landmark Digital Trade Agreement,ASEAN countries,Location,2516,2531,0.6500195860862732,False,,
762b0c9d-b11b-49f9-ba2a-263339bf36bd,China and ASEAN Sign Landmark Digital Trade Agreement,ASEAN countries,Location,3223,3238,0.6500195860862732,False,,
762b0c9d-b11b-49f9-ba2a-263339bf36bd,China and ASEAN Sign Landmark Digital Trade Agreement,Huawei,Company,2557,2563,0.9683742523193359,True,Huawei Technologies,Company
762b0c9d-b11b-49f9-ba2a-263339bf36bd,China and ASEAN Sign Landmark Digital Trade Agreement,Thailand,Location,2618,2626,0.961503803730011,False,,
762b0c9d-b11b-49f9-ba2a-263339bf36bd,China and ASEAN Sign Landmark Digital Trade Agreement,Malaysia,Location,2628,2636,0.9529830813407898,False,,
762b0c9d-b11b-49f9-ba2a-263339bf36bd,China and ASEAN Sign Landmark Digital Trade Agreement,Philippines,Location,2646,2657,0.9509202837944031,False,,
762b0c9d-b11b-49f9-ba2a-263339bf36bd,China and ASEAN Sign Landmark Digital Trade Agreement,Pearl of the Orient,Location,2708,2727,0.8309800624847412,True,Shanghai,Location
762b0c9d-b11b-49f9-ba2a-263339bf36bd,China and ASEAN Sign Landmark Digital Trade Agreement,Shanghai Mayor Gong Zheng,Person,2807,2832,0.7773407101631165,False,,
762b0c9d-b11b-49f9-ba2a-263339bf36bd,China and ASEAN Sign Landmark Digital Trade Agreement,free trade area,Location,2896,2911,0.6689611077308655,False,,
762b0c9d-b11b-49f9-ba2a-263339bf36bd,China and ASEAN Sign Landmark Digital Trade Agreement,Hong Kong SAR,Location,2924,2937,0.9513140916824341,True,Hong Kong,Location
762b0c9d-b11b-49f9-ba2a-263339bf36bd,China and ASEAN Sign Landmark Digital Trade Agreement,China,Location,82,87,0.9087686538696289,True,China,Location
762b0c9d-b11b-49f9-ba2a-263339bf36bd,China and ASEAN Sign Landmark Digital Trade Agreement,China,Location,339,344,0.9087686538696289,True,China,Location
762b0c9d-b11b-49f9-ba2a-263339bf36bd,China and ASEAN Sign Landmark Digital Trade Agreement,China,Location,416,421,0.9087686538696289,True,China,Location
762b0c9d-b11b-49f9-ba2a-263339bf36bd,China and ASEAN Sign Landmark Digital Trade Agreement,China,Location,616,621,0.9087686538696289,True,China,Location
762b0c9d-b11b-49f9-ba2a-263339bf36bd,China and ASEAN Sign Landmark Digital Trade Agreement,China,Location,1311,1316,0.9087686538696289,True,China,Location
762b0c9d-b11b-49f9-ba2a-263339bf36bd,China and ASEAN Sign Landmark Digital Trade Agreement,China,Location,3070,3075,0.9087686538696289,True,China,Location
762b0c9d-b11b-49f9-ba2a-263339bf36bd,China and ASEAN Sign Landmark Digital Trade Agreement,China,Location,3213,3218,0.9087686538696289,True,China,Location
762b0c9d-b11b-49f9-ba2a-263339bf36bd,China and ASEAN Sign Landmark Digital Trade Agreement,China,Location,82,87,0.9240184426307678,True,China,Location
762b0c9d-b11b-49f9-ba2a-263339bf36bd,China and ASEAN Sign Landmark Digital Trade Agreement,China,Location,339,344,0.9240184426307678,True,China,Location
762b0c9d-b11b-49f9-ba2a-263339bf36bd,China and ASEAN Sign Landmark Digital Trade Agreement,China,Location,416,421,0.9240184426307678,True,China,Location
762b0c9d-b11b-49f9-ba2a-263339bf36bd,China and ASEAN Sign Landmark Digital Trade Agreement,China,Location,616,621,0.9240184426307678,True,China,Location
762b0c9d-b11b-49f9-ba2a-263339bf36bd,China and ASEAN Sign Landmark Digital Trade Agreement,China,Location,1311,1316,0.9240184426307678,True,China,Location
762b0c9d-b11b-49f9-ba2a-263339bf36bd,China and ASEAN Sign Landmark Digital Trade Agreement,China,Location,3070,3075,0.9240184426307678,True,China,Location
762b0c9d-b11b-49f9-ba2a-263339bf36bd,China and ASEAN Sign Landmark Digital Trade Agreement,China,Location,3213,3218,0.9240184426307678,True,China,Location
762b0c9d-b11b-49f9-ba2a-263339bf36bd,China and ASEAN Sign Landmark Digital Trade Agreement,ASEAN countries,Location,2516,2531,0.8874403238296509,False,,
762b0c9d-b11b-49f9-ba2a-263339bf36bd,China and ASEAN Sign Landmark Digital Trade Agreement,ASEAN countries,Location,3223,3238,0.8874403238296509,False,,
29c5fd85-64b9-4e36-b349-cb72e320420e,China Unveils 1.8 Trillion Yuan Economic Stimulus Package Targeting Domestic Consumption,Beijing,Location,40,47,0.9235659241676331,True,Beijing,Location
29c5fd85-64b9-4e36-b349-cb72e320420e,China Unveils 1.8 Trillion Yuan Economic Stimulus Package Targeting Domestic Consumption,Beijing,Location,3595,3602,0.9235659241676331,True,Beijing,Location
29c5fd85-64b9-4e36-b349-cb72e320420e,China Unveils 1.8 Trillion Yuan Economic Stimulus Package Targeting Domestic Consumption,head of government,Person,378,396,0.8559945821762085,False,,
29c5fd85-64b9-4e36-b349-cb72e320420e,China Unveils 1.8 Trillion Yuan Economic Stimulus Package Targeting Domestic Consumption,capital,Location,404,411,0.6533923745155334,False,,
29c5fd85-64b9-4e36-b349-cb72e320420e,China Unveils 1.8 Trillion Yuan Economic Stimulus Package Targeting Domestic Consumption,Premier Li,Person,561,571,0.9786348342895508,True,Li Qiang,Person
29c5fd85-64b9-4e36-b349-cb72e320420e,China Unveils 1.8 Trillion Yuan Economic Stimulus Package Targeting Domestic Consumption,Great Hall of the People,Location,612,636,0.950436532497406,False,,
29c5fd85-64b9-4e36-b349-cb72e320420e,China Unveils 1.8 Trillion Yuan Economic Stimulus Package Targeting Domestic Consumption,Prime Minister,Person,642,656,0.9202328324317932,False,,
29c5fd85-64b9-4e36-b349-cb72e320420e,China Unveils 1.8 Trillion Yuan Economic Stimulus Package Targeting Domestic Consumption,China,Location,104,109,0.7598932981491089,True,China,Location
29c5fd85-64b9-4e36-b349-cb72e320420e,China Unveils 1.8 Trillion Yuan Economic Stimulus Package Targeting Domestic Consumption,China,Location,694,699,0.7598932981491089,True,China,Location
29c5fd85-64b9-4e36-b349-cb72e320420e,China Unveils 1.8 Trillion Yuan Economic Stimulus Package Targeting Domestic Consumption,China,Location,2001,2006,0.7598932981491089,True,China,Location
29c5fd85-64b9-4e36-b349-cb72e320420e,China Unveils 1.8 Trillion Yuan Economic Stimulus Package Targeting Domestic Consumption,China,Location,4495,4500,0.7598932981491089,True,China,Location
29c5fd85-64b9-4e36-b349-cb72e320420e,China Unveils 1.8 Trillion Yuan Economic Stimulus Package Targeting Domestic Consumption,China,Location,4752,4757,0.7598932981491089,True,China,Location
29c5fd85-64b9-4e36-b349-cb72e320420e,China Unveils 1.8 Trillion Yuan Economic Stimulus Package Targeting Domestic Consumption,China,Location,4923,4928,0.7598932981491089,True,China,Location
29c5fd85-64b9-4e36-b349-cb72e320420e,China Unveils 1.8 Trillion Yuan Economic Stimulus Package Targeting Domestic Consumption,Li Qiang,Person,827,835,0.9795722365379333,True,Li Qiang,Person
29c5fd85-64b9-4e36-b349-cb72e320420e,China Unveils 1.8 Trillion Yuan Economic Stimulus Package Targeting Domestic Consumption,Core Leader,Person,968,979,0.5192383527755737,True,Xi Jinping,Person
29c5fd85-64b9-4e36-b349-cb72e320420e,China Unveils 1.8 Trillion Yuan Economic Stimulus Package Targeting Domestic Consumption,financial hub,Location,1112,1125,0.7739640474319458,False,,
29c5fd85-64b9-4e36-b349-cb72e320420e,China Unveils 1.8 Trillion Yuan Economic Stimulus Package Targeting Domestic Consumption,President Xi,Person,1242,1254,0.9830953478813171,True,Xi Jinping,Person
29c5fd85-64b9-4e36-b349-cb72e320420e,China Unveils 1.8 Trillion Yuan Economic Stimulus Package Targeting Domestic Consumption,Chinese President,Person,1284,1301,0.6157688498497009,True,Xi Jinping,Person
29c5fd85-64b9-4e36-b349-cb72e320420e,China Unveils 1.8 Trillion Yuan Economic Stimulus Package Targeting Domestic Consumption,major urban centers,Location,1741,1760,0.9233653545379639,False,,
29c5fd85-64b9-4e36-b349-cb72e320420e,China Unveils 1.8 Trillion Yuan Economic Stimulus Package Targeting Domestic Consumption,China,Location,104,109,0.9592190980911255,True,China,Location
29c5fd85-64b9-4e36-b349-cb72e320420e,China Unveils 1.8 Trillion Yuan Economic Stimulus Package Targeting Domestic Consumption,China,Location,694,699,0.9592190980911255,True,China,Location
29c5fd85-64b9-4e36-b349-cb72e320420e,China Unveils 1.8 Trillion Yuan Economic Stimulus Package Targeting Domestic Consumption,China,Location,2001,2006,0.9592190980911255,True,China,Location
29c5fd85-64b9-4e36-b349-cb72e320420e,China Unveils 1.8 Trillion Yuan Economic Stimulus Package Targeting Domestic Consumption,China,Location,4495,4500,0.9592190980911255,True,China,Location
29c5fd85-64b9-4e36-b349-cb72e320420e,China Unveils 1.8 Trillion Yuan Economic Stimulus Package Targeting Domestic Consumption,China,Location,4752,4757,0.9592190980911255,True,China,Location
29c5fd85-64b9-4e36-b349-cb72e320420e,China Unveils 1.8 Trillion Yuan Economic Stimulus Package Targeting Domestic Consumption,China,Location,4923,4928,0.9592190980911255,True,China,Location
29c5fd85-64b9-4e36-b349-cb72e320420e,China Unveils 1.8 Trillion Yuan Economic Stimulus Package Targeting Domestic Consumption,Chinese e-commerce giant,Company,2057,2081,0.7761280536651611,False,,
29c5fd85-64b9-4e36-b349-cb72e320420e,China Unveils 1.8 Trillion Yuan Economic Stimulus Package Targeting Domestic Consumption,Jack Ma,Person,2292,2299,0.9908568263053894,False,,
29c5fd85-64b9-4e36-b349-cb72e320420e,China Unveils 1.8 Trillion Yuan Economic Stimulus Package Targeting Domestic Consumption,Alibaba,Company,2341,2348,0.985539436340332,True,Alibaba Group,Company
29c5fd85-64b9-4e36-b349-cb72e320420e,China Unveils 1.8 Trillion Yuan Economic Stimulus Package Targeting Domestic Consumption,Pony Ma,Company,2600,2607,0.938129723072052,False,,
29c5fd85-64b9-4e36-b349-cb72e320420e,China Unveils 1.8 Trillion Yuan Economic Stimulus Package Targeting Domestic Consumption,Tencent,Company,2818,2825,0.9470288157463074,True,Tencent Holdings,Company
29c5fd85-64b9-4e36-b349-cb72e320420e,China Unveils 1.8 Trillion Yuan Economic Stimulus Package Targeting Domestic Consumption,Martin Lau,Person,2836,2846,0.9236570596694946,False,,
29c5fd85-64b9-4e36-b349-cb72e320420e,China Unveils 1.8 Trillion Yuan Economic Stimulus Package Targeting Domestic Consumption,Shenzhen,Location,2885,2893,0.9868924021720886,False,,
29c5fd85-64b9-4e36-b349-cb72e320420e,China Unveils 1.8 Trillion Yuan Economic Stimulus Package Targeting Domestic Consumption,Shenzhen,Location,3198,3206,0.9868924021720886,False,,
29c5fd85-64b9-4e36-b349-cb72e320420e,China Unveils 1.8 Trillion Yuan Economic Stimulus Package Targeting Domestic Consumption,Huawei Consumer Business Group,Company,3147,3177,0.7553302049636841,False,,
29c5fd85-64b9-4e36-b349-cb72e320420e,China Unveils 1.8 Trillion Yuan Economic Stimulus Package Targeting Domestic Consumption,Richard Yu,Person,3182,3192,0.9848223924636841,False,,
29c5fd85-64b9-4e36-b349-cb72e320420e,China Unveils 1.8 Trillion Yuan Economic Stimulus Package Targeting Domestic Consumption,Shenzhen-based,Location,3198,3212,0.5603975653648376,False,,
29c5fd85-64b9-4e36-b349-cb72e320420e,China Unveils 1.8 Trillion Yuan Economic Stimulus Package Targeting Domestic Consumption,key economic zones,Location,3442,3460,0.7999719381332397,False,,
29c5fd85-64b9-4e36-b349-cb72e320420e,China Unveils 1.8 Trillion Yuan Economic Stimulus Package Targeting Domestic Consumption,The Imperial City,Location,3462,3479,0.9014144539833069,True,Beijing,Location
29c5fd85-64b9-4e36-b349-cb72e320420e,China Unveils 1.8 Trillion Yuan Economic Stimulus Package Targeting Domestic Consumption,Beijing Mayor,Person,3595,3608,0.6897843480110168,False,,
29c5fd85-64b9-4e36-b349-cb72e320420e,China Unveils 1.8 Trillion Yuan Economic Stimulus Package Targeting Domestic Consumption,Chen Jining,Person,3609,3620,0.8833191990852356,False,,
29c5fd85-64b9-4e36-b349-cb72e320420e,China Unveils 1.8 Trillion Yuan Economic Stimulus Package Targeting Domestic Consumption,Shanghai Mayor Gong Zheng,Person,3864,3889,0.7486381530761719,False,,
29c5fd85-64b9-4e36-b349-cb72e320420e,China Unveils 1.8 Trillion Yuan Economic Stimulus Package Targeting Domestic Consumption,Pudong New Area,Location,3968,3983,0.9828392863273621,False,,
29c5fd85-64b9-4e36-b349-cb72e320420e,China Unveils 1.8 Trillion Yuan Economic Stimulus Package Targeting Domestic Consumption,Hong Kong SAR,Location,4135,4148,0.8500881791114807,True,Hong Kong,Location
29c5fd85-64b9-4e36-b349-cb72e320420e,China Unveils 1.8 Trillion Yuan Economic Stimulus Package Targeting Domestic Consumption,Chinese special administrative region,Location,4256,4293,0.6708858013153076,False,,
29c5fd85-64b9-4e36-b349-cb72e320420e,China Unveils 1.8 Trillion Yuan Economic Stimulus Package Targeting Domestic Consumption,John Lee,Person,4379,4387,0.8864148259162903,False,,
29c5fd85-64b9-4e36-b349-cb72e320420e,China Unveils 1.8 Trillion Yuan Economic Stimulus Package Targeting Domestic Consumption,Greater Bay Area,Location,4476,4492,0.9250877499580383,False,,
29c5fd85-64b9-4e36-b349-cb72e320420e,China Unveils 1.8 Trillion Yuan Economic Stimulus Package Targeting Domestic Consumption,China,Location,104,109,0.6924331784248352,True,China,Location
29c5fd85-64b9-4e36-b349-cb72e320420e,China Unveils 1.8 Trillion Yuan Economic Stimulus Package Targeting Domestic Consumption,China,Location,694,699,0.6924331784248352,True,China,Location
29c5fd85-64b9-4e36-b349-cb72e320420e,China Unveils 1.8 Trillion Yuan Economic Stimulus Package Targeting Domestic Consumption,China,Location,2001,2006,0.6924331784248352,True,China,Location
29c5fd85-64b9-4e36-b349-cb72e320420e,China Unveils 1.8 Trillion Yuan Economic Stimulus Package Targeting Domestic Consumption,China,Location,4495,4500,0.6924331784248352,True,China,Location
29c5fd85-64b9-4e36-b349-cb72e320420e,China Unveils 1.8 Trillion Yuan Economic Stimulus Package Targeting Domestic Consumption,China,Location,4752,4757,0.6924331784248352,True,China,Location
29c5fd85-64b9-4e36-b349-cb72e320420e,China Unveils 1.8 Trillion Yuan Economic Stimulus Package Targeting Domestic Consumption,China,Location,4923,4928,0.6924331784248352,True,China,Location
29c5fd85-64b9-4e36-b349-cb72e320420e,China Unveils 1.8 Trillion Yuan Economic Stimulus Package Targeting Domestic Consumption,top diplomat,Person,4503,4515,0.6340219974517822,False,,
29c5fd85-64b9-4e36-b349-cb72e320420e,China Unveils 1.8 Trillion Yuan Economic Stimulus Package Targeting Domestic Consumption,China,Location,104,109,0.9808292388916016,True,China,Location
29c5fd85-64b9-4e36-b349-cb72e320420e,China Unveils 1.8 Trillion Yuan Economic Stimulus Package Targeting Domestic Consumption,China,Location,694,699,0.9808292388916016,True,China,Location
29c5fd85-64b9-4e36-b349-cb72e320420e,China Unveils 1.8 Trillion Yuan Economic Stimulus Package Targeting Domestic Consumption,China,Location,2001,2006,0.9808292388916016,True,China,Location
29c5fd85-64b9-4e36-b349-cb72e320420e,China Unveils 1.8 Trillion Yuan Economic Stimulus Package Targeting Domestic Consumption,China,Location,4495,4500,0.9808292388916016,True,China,Location
29c5fd85-64b9-4e36-b349-cb72e320420e,China Unveils 1.8 Trillion Yuan Economic Stimulus Package Targeting Domestic Consumption,China,Location,4752,4757,0.9808292388916016,True,China,Location
29c5fd85-64b9-4e36-b349-cb72e320420e,China Unveils 1.8 Trillion Yuan Economic Stimulus Package Targeting Domestic Consumption,China,Location,4923,4928,0.9808292388916016,True,China,Location
29c5fd85-64b9-4e36-b349-cb72e320420e,China Unveils 1.8 Trillion Yuan Economic Stimulus Package Targeting Domestic Consumption,Foreign Minister Wang,Person,4809,4830,0.9489443302154541,True,Wang Yi,Person
29c5fd85-64b9-4e36-b349-cb72e320420e,China Unveils 1.8 Trillion Yuan Economic Stimulus Package Targeting Domestic Consumption,Wang Yi,Person,4871,4878,0.95421302318573,True,Wang Yi,Person
29c5fd85-64b9-4e36-b349-cb72e320420e,China Unveils 1.8 Trillion Yuan Economic Stimulus Package Targeting Domestic Consumption,foreign enterprises,Company,4890,4909,0.5823359489440918,False,,
29c5fd85-64b9-4e36-b349-cb72e320420e,China Unveils 1.8 Trillion Yuan Economic Stimulus Package Targeting Domestic Consumption,China,Location,104,109,0.9813101291656494,True,China,Location
29c5fd85-64b9-4e36-b349-cb72e320420e,China Unveils 1.8 Trillion Yuan Economic Stimulus Package Targeting Domestic Consumption,China,Location,694,699,0.9813101291656494,True,China,Location
29c5fd85-64b9-4e36-b349-cb72e320420e,China Unveils 1.8 Trillion Yuan Economic Stimulus Package Targeting Domestic Consumption,China,Location,2001,2006,0.9813101291656494,True,China,Location
29c5fd85-64b9-4e36-b349-cb72e320420e,China Unveils 1.8 Trillion Yuan Economic Stimulus Package Targeting Domestic Consumption,China,Location,4495,4500,0.9813101291656494,True,China,Location
29c5fd85-64b9-4e36-b349-cb72e320420e,China Unveils 1.8 Trillion Yuan Economic Stimulus Package Targeting Domestic Consumption,China,Location,4752,4757,0.9813101291656494,True,China,Location
29c5fd85-64b9-4e36-b349-cb72e320420e,China Unveils 1.8 Trillion Yuan Economic Stimulus Package Targeting Domestic Consumption,China,Location,4923,4928,0.9813101291656494,True,China,Location
29c5fd85-64b9-4e36-b349-cb72e320420e,China Unveils 1.8 Trillion Yuan Economic Stimulus Package Targeting Domestic Consumption,Analysts,Person,5014,5022,0.7263535261154175,False,,
29c5fd85-64b9-4e36-b349-cb72e320420e,China Unveils 1.8 Trillion Yuan Economic Stimulus Package Targeting Domestic Consumption,State Council,Person,62,75,0.5077211260795593,False,,
29c5fd85-64b9-4e36-b349-cb72e320420e,China Unveils 1.8 Trillion Yuan Economic Stimulus Package Targeting Domestic Consumption,State Council,Person,5274,5287,0.5077211260795593,False,,
4890e499-a594-4dfd-8b1f-ef5ae2341e36,China Unveils Green Development Strategy to Achieve Carbon Neutrality by 2060,China,Location,0,5,0.8364703059196472,True,China,Location
4890e499-a594-4dfd-8b1f-ef5ae2341e36,China Unveils Green Development Strategy to Achieve Carbon Neutrality by 2060,China,Location,101,106,0.8364703059196472,True,China,Location
4890e499-a594-4dfd-8b1f-ef5ae2341e36,China Unveils Green Development Strategy to Achieve Carbon Neutrality by 2060,China,Location,221,226,0.8364703059196472,True,China,Location
4890e499-a594-4dfd-8b1f-ef5ae2341e36,China Unveils Green Development Strategy to Achieve Carbon Neutrality by 2060,China,Location,525,530,0.8364703059196472,True,China,Location
4890e499-a594-4dfd-8b1f-ef5ae2341e36,China Unveils Green Development Strategy to Achieve Carbon Neutrality by 2060,China,Location,744,749,0.8364703059196472,True,China,Location
4890e499-a594-4dfd-8b1f-ef5ae2341e36,China Unveils Green Development Strategy to Achieve Carbon Neutrality by 2060,China,Location,963,968,0.8364703059196472,True,China,Location
4890e499-a594-4dfd-8b1f-ef5ae2341e36,China Unveils Green Development Strategy to Achieve Carbon Neutrality by 2060,China,Location,1130,1135,0.8364703059196472,True,China,Location
4890e499-a594-4dfd-8b1f-ef5ae2341e36,China Unveils Green Development Strategy to Achieve Carbon Neutrality by 2060,China,Location,2078,2083,0.8364703059196472,True,China,Location
4890e499-a594-4dfd-8b1f-ef5ae2341e36,China Unveils Green Development Strategy to Achieve Carbon Neutrality by 2060,China,Location,2836,2841,0.8364703059196472,True,China,Location
4890e499-a594-4dfd-8b1f-ef5ae2341e36,China Unveils Green Development Strategy to Achieve Carbon Neutrality by 2060,Beijing,Location,37,44,0.8973274230957031,True,Beijing,Location
4890e499-a594-4dfd-8b1f-ef5ae2341e36,China Unveils Green Development Strategy to Achieve Carbon Neutrality by 2060,Beijing,Location,1121,1128,0.8973274230957031,True,Beijing,Location
4890e499-a594-4dfd-8b1f-ef5ae2341e36,China Unveils Green Development Strategy to Achieve Carbon Neutrality by 2060,Beijing,Location,3103,3110,0.8973274230957031,True,Beijing,Location
4890e499-a594-4dfd-8b1f-ef5ae2341e36,China Unveils Green Development Strategy to Achieve Carbon Neutrality by 2060,China,Location,0,5,0.7898908853530884,True,China,Location
4890e499-a594-4dfd-8b1f-ef5ae2341e36,China Unveils Green Development Strategy to Achieve Carbon Neutrality by 2060,China,Location,101,106,0.7898908853530884,True,China,Location
4890e499-a594-4dfd-8b1f-ef5ae2341e36,China Unveils Green Development Strategy to Achieve Carbon Neutrality by 2060,China,Location,221,226,0.7898908853530884,True,China,Location
4890e499-a594-4dfd-8b1f-ef5ae2341e36,China Unveils Green Development Strategy to Achieve Carbon Neutrality by 2060,China,Location,525,530,0.7898908853530884,True,China,Location
4890e499-a594-4dfd-8b1f-ef5ae2341e36,China Unveils Green Development Strategy to Achieve Carbon Neutrality by 2060,China,Location,744,749,0.7898908853530884,True,China,Location
4890e499-a594-4dfd-8b1f-ef5ae2341e36,China Unveils Green Development Strategy to Achieve Carbon Neutrality by 2060,China,Location,963,968,0.7898908853530884,True,China,Location
4890e499-a594-4dfd-8b1f-ef5ae2341e36,China Unveils Green Development Strategy to Achieve Carbon Neutrality by 2060,China,Location,1130,1135,0.7898908853530884,True,China,Location
4890e499-a594-4dfd-8b1f-ef5ae2341e36,China Unveils Green Development Strategy to Achieve Carbon Neutrality by 2060,China,Location,2078,2083,0.7898908853530884,True,China,Location
4890e499-a594-4dfd-8b1f-ef5ae2341e36,China Unveils Green Development Strategy to Achieve Carbon Neutrality by 2060,China,Location,2836,2841,0.7898908853530884,True,China,Location
4890e499-a594-4dfd-8b1f-ef5ae2341e36,China Unveils Green Development Strategy to Achieve Carbon Neutrality by 2060,China,Location,0,5,0.7760735154151917,True,China,Location
4890e499-a594-4dfd-8b1f-ef5ae2341e36,China Unveils Green Development Strategy to Achieve Carbon Neutrality by 2060,China,Location,101,106,0.7760735154151917,True,China,Location
4890e499-a594-4dfd-8b1f-ef5ae2341e36,China Unveils Green Development Strategy to Achieve Carbon Neutrality by 2060,China,Location,221,226,0.7760735154151917,True,China,Location
4890e499-a594-4dfd-8b1f-ef5ae2341e36,China Unveils Green Development Strategy to Achieve Carbon Neutrality by 2060,China,Location,525,530,0.7760735154151917,True,China,Location
4890e499-a594-4dfd-8b1f-ef5ae2341e36,China Unveils Green Development Strategy to Achieve Carbon Neutrality by 2060,China,Location,744,749,0.7760735154151917,True,China,Location
4890e499-a594-4dfd-8b1f-ef5ae2341e36,China Unveils Green Development Strategy to Achieve Carbon Neutrality by 2060,China,Location,963,968,0.7760735154151917,True,China,Location
4890e499-a594-4dfd-8b1f-ef5ae2341e36,China Unveils Green Development Strategy to Achieve Carbon Neutrality by 2060,China,Location,1130,1135,0.7760735154151917,True,China,Location
4890e499-a594-4dfd-8b1f-ef5ae2341e36,China Unveils Green Development Strategy to Achieve Carbon Neutrality by 2060,China,Location,2078,2083,0.7760735154151917,True,China,Location
4890e499-a594-4dfd-8b1f-ef5ae2341e36,China Unveils Green Development Strategy to Achieve Carbon Neutrality by 2060,China,Location,2836,2841,0.7760735154151917,True,China,Location
4890e499-a594-4dfd-8b1f-ef5ae2341e36,China Unveils Green Development Strategy to Achieve Carbon Neutrality by 2060,President Xi Jinping,Person,298,318,0.9640070199966431,False,,
4890e499-a594-4dfd-8b1f-ef5ae2341e36,China Unveils Green Development Strategy to Achieve Carbon Neutrality by 2060,China,Location,0,5,0.7908206582069397,True,China,Location
4890e499-a594-4dfd-8b1f-ef5ae2341e36,China Unveils Green Development Strategy to Achieve Carbon Neutrality by 2060,China,Location,101,106,0.7908206582069397,True,China,Location
4890e499-a594-4dfd-8b1f-ef5ae2341e36,China Unveils Green Development Strategy to Achieve Carbon Neutrality by 2060,China,Location,221,226,0.7908206582069397,True,China,Location
4890e499-a594-4dfd-8b1f-ef5ae2341e36,China Unveils Green Development Strategy to Achieve Carbon Neutrality by 2060,China,Location,525,530,0.7908206582069397,True,China,Location
4890e499-a594-4dfd-8b1f-ef5ae2341e36,China Unveils Green Development Strategy to Achieve Carbon Neutrality by 2060,China,Location,744,749,0.7908206582069397,True,China,Location
4890e499-a594-4dfd-8b1f-ef5ae2341e36,China Unveils Green Development Strategy to Achieve Carbon Neutrality by 2060,China,Location,963,968,0.7908206582069397,True,China,Location
4890e499-a594-4dfd-8b1f-ef5ae2341e36,China Unveils Green Development Strategy to Achieve Carbon Neutrality by 2060,China,Location,1130,1135,0.7908206582069397,True,China,Location
4890e499-a594-4dfd-8b1f-ef5ae2341e36,China Unveils Green Development Strategy to Achieve Carbon Neutrality by 2060,China,Location,2078,2083,0.7908206582069397,True,China,Location
4890e499-a594-4dfd-8b1f-ef5ae2341e36,China Unveils Green Development Strategy to Achieve Carbon Neutrality by 2060,China,Location,2836,2841,0.7908206582069397,True,China,Location
4890e499-a594-4dfd-8b1f-ef5ae2341e36,China Unveils Green Development Strategy to Achieve Carbon Neutrality by 2060,President Xi,Person,298,310,0.508696973323822,True,Xi Jinping,Person
4890e499-a594-4dfd-8b1f-ef5ae2341e36,China Unveils Green Development Strategy to Achieve Carbon Neutrality by 2060,President Xi,Person,606,618,0.508696973323822,True,Xi Jinping,Person
4890e499-a594-4dfd-8b1f-ef5ae2341e36,China Unveils Green Development Strategy to Achieve Carbon Neutrality by 2060,Great Hall of the People,Location,659,683,0.9409356713294983,False,,
4890e499-a594-4dfd-8b1f-ef5ae2341e36,China Unveils Green Development Strategy to Achieve Carbon Neutrality by 2060,China,Location,0,5,0.8891961574554443,True,China,Location
4890e499-a594-4dfd-8b1f-ef5ae2341e36,China Unveils Green Development Strategy to Achieve Carbon Neutrality by 2060,China,Location,101,106,0.8891961574554443,True,China,Location
4890e499-a594-4dfd-8b1f-ef5ae2341e36,China Unveils Green Development Strategy to Achieve Carbon Neutrality by 2060,China,Location,221,226,0.8891961574554443,True,China,Location
4890e499-a594-4dfd-8b1f-ef5ae2341e36,China Unveils Green Development Strategy to Achieve Carbon Neutrality by 2060,China,Location,525,530,0.8891961574554443,True,China,Location
4890e499-a594-4dfd-8b1f-ef5ae2341e36,China Unveils Green Development Strategy to Achieve Carbon Neutrality by 2060,China,Location,744,749,0.8891961574554443,True,China,Location
4890e499-a594-4dfd-8b1f-ef5ae2341e36,China Unveils Green Development Strategy to Achieve Carbon Neutrality by 2060,China,Location,963,968,0.8891961574554443,True,China,Location
4890e499-a594-4dfd-8b1f-ef5ae2341e36,China Unveils Green Development Strategy to Achieve Carbon Neutrality by 2060,China,Location,1130,1135,0.8891961574554443,True,China,Location
4890e499-a594-4dfd-8b1f-ef5ae2341e36,China Unveils Green Development Strategy to Achieve Carbon Neutrality by 2060,China,Location,2078,2083,0.8891961574554443,True,China,Location
4890e499-a594-4dfd-8b1f-ef5ae2341e36,China Unveils Green Development Strategy to Achieve Carbon Neutrality by 2060,China,Location,2836,2841,0.8891961574554443,True,China,Location
4890e499-a594-4dfd-8b1f-ef5ae2341e36,China Unveils Green Development Strategy to Achieve Carbon Neutrality by 2060,Foreign Minister Wang Yi,Person,830,854,0.9285377860069275,False,,
4890e499-a594-4dfd-8b1f-ef5ae2341e36,China Unveils Green Development Strategy to Achieve Carbon Neutrality by 2060,China,Location,0,5,0.7465160489082336,True,China,Location
4890e499-a594-4dfd-8b1f-ef5ae2341e36,China Unveils Green Development Strategy to Achieve Carbon Neutrality by 2060,China,Location,101,106,0.7465160489082336,True,China,Location
4890e499-a594-4dfd-8b1f-ef5ae2341e36,China Unveils Green Development Strategy to Achieve Carbon Neutrality by 2060,China,Location,221,226,0.7465160489082336,True,China,Location
4890e499-a594-4dfd-8b1f-ef5ae2341e36,China Unveils Green Development Strategy to Achieve Carbon Neutrality by 2060,China,Location,525,530,0.7465160489082336,True,China,Location
4890e499-a594-4dfd-8b1f-ef5ae2341e36,China Unveils Green Development Strategy to Achieve Carbon Neutrality by 2060,China,Location,744,749,0.7465160489082336,True,China,Location
4890e499-a594-4dfd-8b1f-ef5ae2341e36,China Unveils Green Development Strategy to Achieve Carbon Neutrality by 2060,China,Location,963,968,0.7465160489082336,True,China,Location
4890e499-a594-4dfd-8b1f-ef5ae2341e36,China Unveils Green Development Strategy to Achieve Carbon Neutrality by 2060,China,Location,1130,1135,0.7465160489082336,True,China,Location
4890e499-a594-4dfd-8b1f-ef5ae2341e36,China Unveils Green Development Strategy to Achieve Carbon Neutrality by 2060,China,Location,2078,2083,0.7465160489082336,True,China,Location
4890e499-a594-4dfd-8b1f-ef5ae2341e36,China Unveils Green Development Strategy to Achieve Carbon Neutrality by 2060,China,Location,2836,2841,0.7465160489082336,True,China,Location
4890e499-a594-4dfd-8b1f-ef5ae2341e36,China Unveils Green Development Strategy to Achieve Carbon Neutrality by 2060,Wang,Person,847,851,0.9601343274116516,True,Wang Yi,Person
4890e499-a594-4dfd-8b1f-ef5ae2341e36,China Unveils Green Development Strategy to Achieve Carbon Neutrality by 2060,Wang,Person,1061,1065,0.9601343274116516,True,Wang Yi,Person
4890e499-a594-4dfd-8b1f-ef5ae2341e36,China Unveils Green Development Strategy to Achieve Carbon Neutrality by 2060,Beijing,Location,37,44,0.9543120265007019,True,Beijing,Location
4890e499-a594-4dfd-8b1f-ef5ae2341e36,China Unveils Green Development Strategy to Achieve Carbon Neutrality by 2060,Beijing,Location,1121,1128,0.9543120265007019,True,Beijing,Location
4890e499-a594-4dfd-8b1f-ef5ae2341e36,China Unveils Green Development Strategy to Achieve Carbon Neutrality by 2060,Beijing,Location,3103,3110,0.9543120265007019,True,Beijing,Location
4890e499-a594-4dfd-8b1f-ef5ae2341e36,China Unveils Green Development Strategy to Achieve Carbon Neutrality by 2060,China,Location,0,5,0.7375932335853577,True,China,Location
4890e499-a594-4dfd-8b1f-ef5ae2341e36,China Unveils Green Development Strategy to Achieve Carbon Neutrality by 2060,China,Location,101,106,0.7375932335853577,True,China,Location
4890e499-a594-4dfd-8b1f-ef5ae2341e36,China Unveils Green Development Strategy to Achieve Carbon Neutrality by 2060,China,Location,221,226,0.7375932335853577,True,China,Location
4890e499-a594-4dfd-8b1f-ef5ae2341e36,China Unveils Green Development Strategy to Achieve Carbon Neutrality by 2060,China,Location,525,530,0.7375932335853577,True,China,Location
4890e499-a594-4dfd-8b1f-ef5ae2341e36,China Unveils Green Development Strategy to Achieve Carbon Neutrality by 2060,China,Location,744,749,0.7375932335853577,True,China,Location
4890e499-a594-4dfd-8b1f-ef5ae2341e36,China Unveils Green Development Strategy to Achieve Carbon Neutrality by 2060,China,Location,963,968,0.7375932335853577,True,China,Location
4890e499-a594-4dfd-8b1f-ef5ae2341e36,China Unveils Green Development Strategy to Achieve Carbon Neutrality by 2060,China,Location,1130,1135,0.7375932335853577,True,China,Location
4890e499-a594-4dfd-8b1f-ef5ae2341e36,China Unveils Green Development Strategy to Achieve Carbon Neutrality by 2060,China,Location,2078,2083,0.7375932335853577,True,China,Location
4890e499-a594-4dfd-8b1f-ef5ae2341e36,China Unveils Green Development Strategy to Achieve Carbon Neutrality by 2060,China,Location,2836,2841,0.7375932335853577,True,China,Location
4890e499-a594-4dfd-8b1f-ef5ae2341e36,China Unveils Green Development Strategy to Achieve Carbon Neutrality by 2060,top diplomat,Person,1138,1150,0.7645053267478943,False,,
4890e499-a594-4dfd-8b1f-ef5ae2341e36,China Unveils Green Development Strategy to Achieve Carbon Neutrality by 2060,Huawei Technologies,Company,1403,1422,0.9825604557991028,True,Huawei Technologies,Company
4890e499-a594-4dfd-8b1f-ef5ae2341e36,China Unveils Green Development Strategy to Achieve Carbon Neutrality by 2060,Shenzhen-based,Location,1428,1442,0.5811596512794495,False,,
4890e499-a594-4dfd-8b1f-ef5ae2341e36,China Unveils Green Development Strategy to Achieve Carbon Neutrality by 2060,Yangtze River Delta,Location,1518,1537,0.9513498544692993,False,,
4890e499-a594-4dfd-8b1f-ef5ae2341e36,China Unveils Green Development Strategy to Achieve Carbon Neutrality by 2060,Yangtze River Delta,Location,2307,2326,0.9513498544692993,False,,
4890e499-a594-4dfd-8b1f-ef5ae2341e36,China Unveils Green Development Strategy to Achieve Carbon Neutrality by 2060,Greater Bay Area,Location,1542,1558,0.9313085675239563,False,,
4890e499-a594-4dfd-8b1f-ef5ae2341e36,China Unveils Green Development Strategy to Achieve Carbon Neutrality by 2060,Greater Bay Area,Location,2431,2447,0.9313085675239563,False,,
4890e499-a594-4dfd-8b1f-ef5ae2341e36,China Unveils Green Development Strategy to Achieve Carbon Neutrality by 2060,Ren Zhengfei,Person,1564,1576,0.9747259020805359,False,,
4890e499-a594-4dfd-8b1f-ef5ae2341e36,China Unveils Green Development Strategy to Achieve Carbon Neutrality by 2060,Huawei,Company,1403,1409,0.9623607397079468,True,Huawei Technologies,Company
4890e499-a594-4dfd-8b1f-ef5ae2341e36,China Unveils Green Development Strategy to Achieve Carbon Neutrality by 2060,Huawei,Company,1612,1618,0.9623607397079468,True,Huawei Technologies,Company
4890e499-a594-4dfd-8b1f-ef5ae2341e36,China Unveils Green Development Strategy to Achieve Carbon Neutrality by 2060,Alibaba Group,Company,1733,1746,0.9870794415473938,True,Alibaba Group,Company
4890e499-a594-4dfd-8b1f-ef5ae2341e36,China Unveils Green Development Strategy to Achieve Carbon Neutrality by 2060,Hangzhou-based,Location,1752,1766,0.9360312223434448,False,,
4890e499-a594-4dfd-8b1f-ef5ae2341e36,China Unveils Green Development Strategy to Achieve Carbon Neutrality by 2060,Eddie Yongming Wu,Person,1898,1915,0.8252455592155457,False,,
4890e499-a594-4dfd-8b1f-ef5ae2341e36,China Unveils Green Development Strategy to Achieve Carbon Neutrality by 2060,Hangzhou,Location,1752,1760,0.9625564217567444,False,,
4890e499-a594-4dfd-8b1f-ef5ae2341e36,China Unveils Green Development Strategy to Achieve Carbon Neutrality by 2060,Hangzhou,Location,1982,1990,0.9625564217567444,False,,
4890e499-a594-4dfd-8b1f-ef5ae2341e36,China Unveils Green Development Strategy to Achieve Carbon Neutrality by 2060,China,Location,0,5,0.5213451385498047,True,China,Location
4890e499-a594-4dfd-8b1f-ef5ae2341e36,China Unveils Green Development Strategy to Achieve Carbon Neutrality by 2060,China,Location,101,106,0.5213451385498047,True,China,Location
4890e499-a594-4dfd-8b1f-ef5ae2341e36,China Unveils Green Development Strategy to Achieve Carbon Neutrality by 2060,China,Location,221,226,0.5213451385498047,True,China,Location
4890e499-a594-4dfd-8b1f-ef5ae2341e36,China Unveils Green Development Strategy to Achieve Carbon Neutrality by 2060,China,Location,525,530,0.5213451385498047,True,China,Location
4890e499-a594-4dfd-8b1f-ef5ae2341e36,China Unveils Green Development Strategy to Achieve Carbon Neutrality by 2060,China,Location,744,749,0.5213451385498047,True,China,Location
4890e499-a594-4dfd-8b1f-ef5ae2341e36,China Unveils Green Development Strategy to Achieve Carbon Neutrality by 2060,China,Location,963,968,0.5213451385498047,True,China,Location
4890e499-a594-4dfd-8b1f-ef5ae2341e36,China Unveils Green Development Strategy to Achieve Carbon Neutrality by 2060,China,Location,1130,1135,0.5213451385498047,True,China,Location
4890e499-a594-4dfd-8b1f-ef5ae2341e36,China Unveils Green Development Strategy to Achieve Carbon Neutrality by 2060,China,Location,2078,2083,0.5213451385498047,True,China,Location
4890e499-a594-4dfd-8b1f-ef5ae2341e36,China Unveils Green Development Strategy to Achieve Carbon Neutrality by 2060,China,Location,2836,2841,0.5213451385498047,True,China,Location
4890e499-a594-4dfd-8b1f-ef5ae2341e36,China Unveils Green Development Strategy to Achieve Carbon Neutrality by 2060,tech industry,Company,2086,2099,0.6746917963027954,False,,
4890e499-a594-4dfd-8b1f-ef5ae2341e36,China Unveils Green Development Strategy to Achieve Carbon Neutrality by 2060,The Yangtze River Delta,Location,2303,2326,0.94189453125,False,,
4890e499-a594-4dfd-8b1f-ef5ae2341e36,China Unveils Green Development Strategy to Achieve Carbon Neutrality by 2060,Greater Bay Area,Location,1542,1558,0.947501540184021,False,,
4890e499-a594-4dfd-8b1f-ef5ae2341e36,China Unveils Green Development Strategy to Achieve Carbon Neutrality by 2060,Greater Bay Area,Location,2431,2447,0.947501540184021,False,,
4890e499-a594-4dfd-8b1f-ef5ae2341e36,China Unveils Green Development Strategy to Achieve Carbon Neutrality by 2060,Premier Li Qiang,Person,2645,2661,0.9515438675880432,False,,
4890e499-a594-4dfd-8b1f-ef5ae2341e36,China Unveils Green Development Strategy to Achieve Carbon Neutrality by 2060,industry,Company,2091,2099,0.627252995967865,False,,
4890e499-a594-4dfd-8b1f-ef5ae2341e36,China Unveils Green Development Strategy to Achieve Carbon Neutrality by 2060,industry,Company,2750,2758,0.627252995967865,False,,
4890e499-a594-4dfd-8b1f-ef5ae2341e36,China Unveils Green Development Strategy to Achieve Carbon Neutrality by 2060,China,Location,0,5,0.9447987079620361,True,China,Location
4890e499-a594-4dfd-8b1f-ef5ae2341e36,China Unveils Green Development Strategy to Achieve Carbon Neutrality by 2060,China,Location,101,106,0.9447987079620361,True,China,Location
4890e499-a594-4dfd-8b1f-ef5ae2341e36,China Unveils Green Development Strategy to Achieve Carbon Neutrality by 2060,China,Location,221,226,0.9447987079620361,True,China,Location
4890e499-a594-4dfd-8b1f-ef5ae2341e36,China Unveils Green Development Strategy to Achieve Carbon Neutrality by 2060,China,Location,525,530,0.9447987079620361,True,China,Location
4890e499-a594-4dfd-8b1f-ef5ae2341e36,China Unveils Green Development Strategy to Achieve Carbon Neutrality by 2060,China,Location,744,749,0.9447987079620361,True,China,Location
4890e499-a594-4dfd-8b1f-ef5ae2341e36,China Unveils Green Development Strategy to Achieve Carbon Neutrality by 2060,China,Location,963,968,0.9447987079620361,True,China,Location
4890e499-a594-4dfd-8b1f-ef5ae2341e36,China Unveils Green Development Strategy to Achieve Carbon Neutrality by 2060,China,Location,1130,1135,0.9447987079620361,True,China,Location
4890e499-a594-4dfd-8b1f-ef5ae2341e36,China Unveils Green Development Strategy to Achieve Carbon Neutrality by 2060,China,Location,2078,2083,0.9447987079620361,True,China,Location
4890e499-a594-4dfd-8b1f-ef5ae2341e36,China Unveils Green Development Strategy to Achieve Carbon Neutrality by 2060,China,Location,2836,2841,0.9447987079620361,True,China,Location
4890e499-a594-4dfd-8b1f-ef5ae2341e36,China Unveils Green Development Strategy to Achieve Carbon Neutrality by 2060,Beijing,Location,37,44,0.9798514246940613,True,Beijing,Location
4890e499-a594-4dfd-8b1f-ef5ae2341e36,China Unveils Green Development Strategy to Achieve Carbon Neutrality by 2060,Beijing,Location,1121,1128,0.9798514246940613,True,Beijing,Location
4890e499-a594-4dfd-8b1f-ef5ae2341e36,China Unveils Green Development Strategy to Achieve Carbon Neutrality by 2060,Beijing,Location,3103,3110,0.9798514246940613,True,Beijing,Location
041958dd-c8c9-41e2-ba0f-5c5dd2955b04,China Enacts Comprehensive Artificial Intelligence Governance Law,Beijing,Location,40,47,0.8727261424064636,True,Beijing,Location
041958dd-c8c9-41e2-ba0f-5c5dd2955b04,China Enacts Comprehensive Artificial Intelligence Governance Law,Beijing,Location,2615,2622,0.8727261424064636,True,Beijing,Location
041958dd-c8c9-41e2-ba0f-5c5dd2955b04,China Enacts Comprehensive Artificial Intelligence Governance Law,Premier Li Qiang,Person,370,386,0.9641963839530945,False,,
041958dd-c8c9-41e2-ba0f-5c5dd2955b04,China Enacts Comprehensive Artificial Intelligence Governance Law,China,Location,117,122,0.7815471291542053,True,China,Location
041958dd-c8c9-41e2-ba0f-5c5dd2955b04,China Enacts Comprehensive Artificial Intelligence Governance Law,China,Location,559,564,0.7815471291542053,True,China,Location
041958dd-c8c9-41e2-ba0f-5c5dd2955b04,China Enacts Comprehensive Artificial Intelligence Governance Law,China,Location,2341,2346,0.7815471291542053,True,China,Location
041958dd-c8c9-41e2-ba0f-5c5dd2955b04,China Enacts Comprehensive Artificial Intelligence Governance Law,China,Location,2766,2771,0.7815471291542053,True,China,Location
041958dd-c8c9-41e2-ba0f-5c5dd2955b04,China Enacts Comprehensive Artificial Intelligence Governance Law,Premier Li,Person,370,380,0.9747271537780762,True,Li Qiang,Person
041958dd-c8c9-41e2-ba0f-5c5dd2955b04,China Enacts Comprehensive Artificial Intelligence Governance Law,Premier Li,Person,668,678,0.9747271537780762,True,Li Qiang,Person
041958dd-c8c9-41e2-ba0f-5c5dd2955b04,China Enacts Comprehensive Artificial Intelligence Governance Law,Great Hall of the People,Location,721,745,0.9503841996192932,False,,
041958dd-c8c9-41e2-ba0f-5c5dd2955b04,China Enacts Comprehensive Artificial Intelligence Governance Law,Prime Minister,Person,751,765,0.9181396961212158,False,,
041958dd-c8c9-41e2-ba0f-5c5dd2955b04,China Enacts Comprehensive Artificial Intelligence Governance Law,AIGL,Company,178,182,0.8987417221069336,False,,
041958dd-c8c9-41e2-ba0f-5c5dd2955b04,China Enacts Comprehensive Artificial Intelligence Governance Law,AIGL,Company,786,790,0.8987417221069336,False,,
041958dd-c8c9-41e2-ba0f-5c5dd2955b04,China Enacts Comprehensive Artificial Intelligence Governance Law,AIGL,Company,2519,2523,0.8987417221069336,False,,
041958dd-c8c9-41e2-ba0f-5c5dd2955b04,China Enacts Comprehensive Artificial Intelligence Governance Law,Hangzhou-based,Location,996,1010,0.8092595934867859,False,,
041958dd-c8c9-41e2-ba0f-5c5dd2955b04,China Enacts Comprehensive Artificial Intelligence Governance Law,Shenzhen-based,Location,1027,1041,0.8717487454414368,False,,
041958dd-c8c9-41e2-ba0f-5c5dd2955b04,China Enacts Comprehensive Artificial Intelligence Governance Law,Alibaba Group,Company,1158,1171,0.980374276638031,True,Alibaba Group,Company
041958dd-c8c9-41e2-ba0f-5c5dd2955b04,China Enacts Comprehensive Artificial Intelligence Governance Law,Eddie Yongming Wu,Person,1184,1201,0.9401290416717529,False,,
041958dd-c8c9-41e2-ba0f-5c5dd2955b04,China Enacts Comprehensive Artificial Intelligence Governance Law,Wu,Person,1199,1201,0.9802680015563965,False,,
041958dd-c8c9-41e2-ba0f-5c5dd2955b04,China Enacts Comprehensive Artificial Intelligence Governance Law,Wu,Person,1377,1379,0.9802680015563965,False,,
041958dd-c8c9-41e2-ba0f-5c5dd2955b04,China Enacts Comprehensive Artificial Intelligence Governance Law,Tencent Holdings,Company,1402,1418,0.9913669228553772,True,Tencent Holdings,Company
041958dd-c8c9-41e2-ba0f-5c5dd2955b04,China Enacts Comprehensive Artificial Intelligence Governance Law,CEO,Person,1180,1183,0.5330954790115356,False,,
041958dd-c8c9-41e2-ba0f-5c5dd2955b04,China Enacts Comprehensive Artificial Intelligence Governance Law,CEO,Person,1510,1513,0.5330954790115356,False,,
041958dd-c8c9-41e2-ba0f-5c5dd2955b04,China Enacts Comprehensive Artificial Intelligence Governance Law,Ma Huateng,Person,1514,1524,0.922218382358551,False,,
041958dd-c8c9-41e2-ba0f-5c5dd2955b04,China Enacts Comprehensive Artificial Intelligence Governance Law,Chinese social media giant,Company,1628,1654,0.8142277002334595,False,,
041958dd-c8c9-41e2-ba0f-5c5dd2955b04,China Enacts Comprehensive Artificial Intelligence Governance Law,Shenzhen,Location,1027,1035,0.9675015211105347,False,,
041958dd-c8c9-41e2-ba0f-5c5dd2955b04,China Enacts Comprehensive Artificial Intelligence Governance Law,Shenzhen,Location,1748,1756,0.9675015211105347,False,,
041958dd-c8c9-41e2-ba0f-5c5dd2955b04,China Enacts Comprehensive Artificial Intelligence Governance Law,Chinese capital,Location,1763,1778,0.5590254664421082,False,,
041958dd-c8c9-41e2-ba0f-5c5dd2955b04,China Enacts Comprehensive Artificial Intelligence Governance Law,Shanghai,Location,1887,1895,0.959433376789093,True,Shanghai,Location
041958dd-c8c9-41e2-ba0f-5c5dd2955b04,China Enacts Comprehensive Artificial Intelligence Governance Law,Shanghai,Location,1911,1919,0.959433376789093,True,Shanghai,Location
041958dd-c8c9-41e2-ba0f-5c5dd2955b04,China Enacts Comprehensive Artificial Intelligence Governance Law,Shanghai,Location,2104,2112,0.959433376789093,True,Shanghai,Location
041958dd-c8c9-41e2-ba0f-5c5dd2955b04,China Enacts Comprehensive Artificial Intelligence Governance Law,Hong Kong,Location,1900,1909,0.9366649985313416,True,Hong Kong,Location
041958dd-c8c9-41e2-ba0f-5c5dd2955b04,China Enacts Comprehensive Artificial Intelligence Governance Law,Shanghai,Location,1887,1895,0.9905071258544922,True,Shanghai,Location
041958dd-c8c9-41e2-ba0f-5c5dd2955b04,China Enacts Comprehensive Artificial Intelligence Governance Law,Shanghai,Location,1911,1919,0.9905071258544922,True,Shanghai,Location
041958dd-c8c9-41e2-ba0f-5c5dd2955b04,China Enacts Comprehensive Artificial Intelligence Governance Law,Shanghai,Location,2104,2112,0.9905071258544922,True,Shanghai,Location
041958dd-c8c9-41e2-ba0f-5c5dd2955b04,China Enacts Comprehensive Artificial Intelligence Governance Law,Gong Zheng,Person,1926,1936,0.8416611552238464,False,,
041958dd-c8c9-41e2-ba0f-5c5dd2955b04,China Enacts Comprehensive Artificial Intelligence Governance Law,Shanghai,Location,1887,1895,0.9871813654899597,True,Shanghai,Location
041958dd-c8c9-41e2-ba0f-5c5dd2955b04,China Enacts Comprehensive Artificial Intelligence Governance Law,Shanghai,Location,1911,1919,0.9871813654899597,True,Shanghai,Location
041958dd-c8c9-41e2-ba0f-5c5dd2955b04,China Enacts Comprehensive Artificial Intelligence Governance Law,Shanghai,Location,2104,2112,0.9871813654899597,True,Shanghai,Location
041958dd-c8c9-41e2-ba0f-5c5dd2955b04,China Enacts Comprehensive Artificial Intelligence Governance Law,Foreign Minister Wang Yi,Person,2242,2266,0.8405511379241943,False,,
041958dd-c8c9-41e2-ba0f-5c5dd2955b04,China Enacts Comprehensive Artificial Intelligence Governance Law,China,Location,117,122,0.9061992168426514,True,China,Location
041958dd-c8c9-41e2-ba0f-5c5dd2955b04,China Enacts Comprehensive Artificial Intelligence Governance Law,China,Location,559,564,0.9061992168426514,True,China,Location
041958dd-c8c9-41e2-ba0f-5c5dd2955b04,China Enacts Comprehensive Artificial Intelligence Governance Law,China,Location,2341,2346,0.9061992168426514,True,China,Location
041958dd-c8c9-41e2-ba0f-5c5dd2955b04,China Enacts Comprehensive Artificial Intelligence Governance Law,China,Location,2766,2771,0.9061992168426514,True,China,Location
041958dd-c8c9-41e2-ba0f-5c5dd2955b04,China Enacts Comprehensive Artificial Intelligence Governance Law,top diplomat,Person,2349,2361,0.7697165012359619,False,,
041958dd-c8c9-41e2-ba0f-5c5dd2955b04,China Enacts Comprehensive Artificial Intelligence Governance Law,AIGL,Company,178,182,0.844287633895874,False,,
041958dd-c8c9-41e2-ba0f-5c5dd2955b04,China Enacts Comprehensive Artificial Intelligence Governance Law,AIGL,Company,786,790,0.844287633895874,False,,
041958dd-c8c9-41e2-ba0f-5c5dd2955b04,China Enacts Comprehensive Artificial Intelligence Governance Law,AIGL,Company,2519,2523,0.844287633895874,False,,
041958dd-c8c9-41e2-ba0f-5c5dd2955b04,China Enacts Comprehensive Artificial Intelligence Governance Law,Beijing,Location,40,47,0.9314727783203125,True,Beijing,Location
041958dd-c8c9-41e2-ba0f-5c5dd2955b04,China Enacts Comprehensive Artificial Intelligence Governance Law,Beijing,Location,2615,2622,0.9314727783203125,True,Beijing,Location
041958dd-c8c9-41e2-ba0f-5c5dd2955b04,China Enacts Comprehensive Artificial Intelligence Governance Law,China,Location,117,122,0.9604663252830505,True,China,Location
041958dd-c8c9-41e2-ba0f-5c5dd2955b04,China Enacts Comprehensive Artificial Intelligence Governance Law,China,Location,559,564,0.9604663252830505,True,China,Location
041958dd-c8c9-41e2-ba0f-5c5dd2955b04,China Enacts Comprehensive Artificial Intelligence Governance Law,China,Location,2341,2346,0.9604663252830505,True,China,Location
041958dd-c8c9-41e2-ba0f-5c5dd2955b04,China Enacts Comprehensive Artificial Intelligence Governance Law,China,Location,2766,2771,0.9604663252830505,True,China,Location
041958dd-c8c9-41e2-ba0f-5c5dd2955b04,China Enacts Comprehensive Artificial Intelligence Governance Law,President Xi,Person,2810,2822,0.990803599357605,True,Xi Jinping,Person
e74ece14-b964-4a4e-a529-e323e6b6cbe6,China Announces Updated National Security Strategy to Strengthen Cybersecurity and Defense,Beijing,Location,44,51,0.8365132212638855,True,Beijing,Location
e74ece14-b964-4a4e-a529-e323e6b6cbe6,China Announces Updated National Security Strategy to Strengthen Cybersecurity and Defense,Beijing,Location,1605,1612,0.8365132212638855,True,Beijing,Location
e74ece14-b964-4a4e-a529-e323e6b6cbe6,China Announces Updated National Security Strategy to Strengthen Cybersecurity and Defense,Beijing,Location,3059,3066,0.8365132212638855,True,Beijing,Location
e74ece14-b964-4a4e-a529-e323e6b6cbe6,China Announces Updated National Security Strategy to Strengthen Cybersecurity and Defense,China,Location,110,115,0.6235508322715759,True,China,Location
e74ece14-b964-4a4e-a529-e323e6b6cbe6,China Announces Updated National Security Strategy to Strengthen Cybersecurity and Defense,China,Location,337,342,0.6235508322715759,True,China,Location
e74ece14-b964-4a4e-a529-e323e6b6cbe6,China Announces Updated National Security Strategy to Strengthen Cybersecurity and Defense,China,Location,774,779,0.6235508322715759,True,China,Location
e74ece14-b964-4a4e-a529-e323e6b6cbe6,China Announces Updated National Security Strategy to Strengthen Cybersecurity and Defense,China,Location,947,952,0.6235508322715759,True,China,Location
e74ece14-b964-4a4e-a529-e323e6b6cbe6,China Announces Updated National Security Strategy to Strengthen Cybersecurity and Defense,China,Location,1058,1063,0.6235508322715759,True,China,Location
e74ece14-b964-4a4e-a529-e323e6b6cbe6,China Announces Updated National Security Strategy to Strengthen Cybersecurity and Defense,China,Location,1702,1707,0.6235508322715759,True,China,Location
e74ece14-b964-4a4e-a529-e323e6b6cbe6,China Announces Updated National Security Strategy to Strengthen Cybersecurity and Defense,China,Location,2082,2087,0.6235508322715759,True,China,Location
e74ece14-b964-4a4e-a529-e323e6b6cbe6,China Announces Updated National Security Strategy to Strengthen Cybersecurity and Defense,China,Location,3021,3026,0.6235508322715759,True,China,Location
e74ece14-b964-4a4e-a529-e323e6b6cbe6,China Announces Updated National Security Strategy to Strengthen Cybersecurity and Defense,President Xi Jinping,Person,297,317,0.9210658073425293,False,,
e74ece14-b964-4a4e-a529-e323e6b6cbe6,China Announces Updated National Security Strategy to Strengthen Cybersecurity and Defense,China,Location,110,115,0.6577521562576294,True,China,Location
e74ece14-b964-4a4e-a529-e323e6b6cbe6,China Announces Updated National Security Strategy to Strengthen Cybersecurity and Defense,China,Location,337,342,0.6577521562576294,True,China,Location
e74ece14-b964-4a4e-a529-e323e6b6cbe6,China Announces Updated National Security Strategy to Strengthen Cybersecurity and Defense,China,Location,774,779,0.6577521562576294,True,China,Location
e74ece14-b964-4a4e-a529-e323e6b6cbe6,China Announces Updated National Security Strategy to Strengthen Cybersecurity and Defense,China,Location,947,952,0.6577521562576294,True,China,Location
e74ece14-b964-4a4e-a529-e323e6b6cbe6,China Announces Updated National Security Strategy to Strengthen Cybersecurity and Defense,China,Location,1058,1063,0.6577521562576294,True,China,Location
e74ece14-b964-4a4e-a529-e323e6b6cbe6,China Announces Updated National Security Strategy to Strengthen Cybersecurity and Defense,China,Location,1702,1707,0.6577521562576294,True,China,Location
e74ece14-b964-4a4e-a529-e323e6b6cbe6,China Announces Updated National Security Strategy to Strengthen Cybersecurity and Defense,China,Location,2082,2087,0.6577521562576294,True,China,Location
e74ece14-b964-4a4e-a529-e323e6b6cbe6,China Announces Updated National Security Strategy to Strengthen Cybersecurity and Defense,China,Location,3021,3026,0.6577521562576294,True,China,Location
e74ece14-b964-4a4e-a529-e323e6b6cbe6,China Announces Updated National Security Strategy to Strengthen Cybersecurity and Defense,Core Leader,Person,544,555,0.6201441884040833,True,Xi Jinping,Person
e74ece14-b964-4a4e-a529-e323e6b6cbe6,China Announces Updated National Security Strategy to Strengthen Cybersecurity and Defense,Great Hall of the People,Location,598,622,0.9375216364860535,False,,
e74ece14-b964-4a4e-a529-e323e6b6cbe6,China Announces Updated National Security Strategy to Strengthen Cybersecurity and Defense,President Xi,Person,297,309,0.9870519638061523,True,Xi Jinping,Person
e74ece14-b964-4a4e-a529-e323e6b6cbe6,China Announces Updated National Security Strategy to Strengthen Cybersecurity and Defense,President Xi,Person,624,636,0.9870519638061523,True,Xi Jinping,Person
e74ece14-b964-4a4e-a529-e323e6b6cbe6,China Announces Updated National Security Strategy to Strengthen Cybersecurity and Defense,China,Location,110,115,0.542739987373352,True,China,Location
e74ece14-b964-4a4e-a529-e323e6b6cbe6,China Announces Updated National Security Strategy to Strengthen Cybersecurity and Defense,China,Location,337,342,0.542739987373352,True,China,Location
e74ece14-b964-4a4e-a529-e323e6b6cbe6,China Announces Updated National Security Strategy to Strengthen Cybersecurity and Defense,China,Location,774,779,0.542739987373352,True,China,Location
e74ece14-b964-4a4e-a529-e323e6b6cbe6,China Announces Updated National Security Strategy to Strengthen Cybersecurity and Defense,China,Location,947,952,0.542739987373352,True,China,Location
e74ece14-b964-4a4e-a529-e323e6b6cbe6,China Announces Updated National Security Strategy to Strengthen Cybersecurity and Defense,China,Location,1058,1063,0.542739987373352,True,China,Location
e74ece14-b964-4a4e-a529-e323e6b6cbe6,China Announces Updated National Security Strategy to Strengthen Cybersecurity and Defense,China,Location,1702,1707,0.542739987373352,True,China,Location
e74ece14-b964-4a4e-a529-e323e6b6cbe6,China Announces Updated National Security Strategy to Strengthen Cybersecurity and Defense,China,Location,2082,2087,0.542739987373352,True,China,Location
e74ece14-b964-4a4e-a529-e323e6b6cbe6,China Announces Updated National Security Strategy to Strengthen Cybersecurity and Defense,China,Location,3021,3026,0.542739987373352,True,China,Location
e74ece14-b964-4a4e-a529-e323e6b6cbe6,China Announces Updated National Security Strategy to Strengthen Cybersecurity and Defense,Foreign Minister Wang Yi,Person,812,836,0.9099363684654236,False,,
e74ece14-b964-4a4e-a529-e323e6b6cbe6,China Announces Updated National Security Strategy to Strengthen Cybersecurity and Defense,China,Location,110,115,0.9177221059799194,True,China,Location
e74ece14-b964-4a4e-a529-e323e6b6cbe6,China Announces Updated National Security Strategy to Strengthen Cybersecurity and Defense,China,Location,337,342,0.9177221059799194,True,China,Location
e74ece14-b964-4a4e-a529-e323e6b6cbe6,China Announces Updated National Security Strategy to Strengthen Cybersecurity and Defense,China,Location,774,779,0.9177221059799194,True,China,Location
e74ece14-b964-4a4e-a529-e323e6b6cbe6,China Announces Updated National Security Strategy to Strengthen Cybersecurity and Defense,China,Location,947,952,0.9177221059799194,True,China,Location
e74ece14-b964-4a4e-a529-e323e6b6cbe6,China Announces Updated National Security Strategy to Strengthen Cybersecurity and Defense,China,Location,1058,1063,0.9177221059799194,True,China,Location
e74ece14-b964-4a4e-a529-e323e6b6cbe6,China Announces Updated National Security Strategy to Strengthen Cybersecurity and Defense,China,Location,1702,1707,0.9177221059799194,True,China,Location
e74ece14-b964-4a4e-a529-e323e6b6cbe6,China Announces Updated National Security Strategy to Strengthen Cybersecurity and Defense,China,Location,2082,2087,0.9177221059799194,True,China,Location
e74ece14-b964-4a4e-a529-e323e6b6cbe6,China Announces Updated National Security Strategy to Strengthen Cybersecurity and Defense,China,Location,3021,3026,0.9177221059799194,True,China,Location
e74ece14-b964-4a4e-a529-e323e6b6cbe6,China Announces Updated National Security Strategy to Strengthen Cybersecurity and Defense,China,Location,110,115,0.9077968001365662,True,China,Location
e74ece14-b964-4a4e-a529-e323e6b6cbe6,China Announces Updated National Security Strategy to Strengthen Cybersecurity and Defense,China,Location,337,342,0.9077968001365662,True,China,Location
e74ece14-b964-4a4e-a529-e323e6b6cbe6,China Announces Updated National Security Strategy to Strengthen Cybersecurity and Defense,China,Location,774,779,0.9077968001365662,True,China,Location
e74ece14-b964-4a4e-a529-e323e6b6cbe6,China Announces Updated National Security Strategy to Strengthen Cybersecurity and Defense,China,Location,947,952,0.9077968001365662,True,China,Location
e74ece14-b964-4a4e-a529-e323e6b6cbe6,China Announces Updated National Security Strategy to Strengthen Cybersecurity and Defense,China,Location,1058,1063,0.9077968001365662,True,China,Location
e74ece14-b964-4a4e-a529-e323e6b6cbe6,China Announces Updated National Security Strategy to Strengthen Cybersecurity and Defense,China,Location,1702,1707,0.9077968001365662,True,China,Location
e74ece14-b964-4a4e-a529-e323e6b6cbe6,China Announces Updated National Security Strategy to Strengthen Cybersecurity and Defense,China,Location,2082,2087,0.9077968001365662,True,China,Location
e74ece14-b964-4a4e-a529-e323e6b6cbe6,China Announces Updated National Security Strategy to Strengthen Cybersecurity and Defense,China,Location,3021,3026,0.9077968001365662,True,China,Location
e74ece14-b964-4a4e-a529-e323e6b6cbe6,China Announces Updated National Security Strategy to Strengthen Cybersecurity and Defense,Ministry of Foreign Affairs,Location,1115,1142,0.6101182699203491,False,,
e74ece14-b964-4a4e-a529-e323e6b6cbe6,China Announces Updated National Security Strategy to Strengthen Cybersecurity and Defense,Wang,Person,829,833,0.9631641507148743,True,Wang Yi,Person
e74ece14-b964-4a4e-a529-e323e6b6cbe6,China Announces Updated National Security Strategy to Strengthen Cybersecurity and Defense,Wang,Person,1144,1148,0.9631641507148743,True,Wang Yi,Person
e74ece14-b964-4a4e-a529-e323e6b6cbe6,China Announces Updated National Security Strategy to Strengthen Cybersecurity and Defense,Huawei Technologies,Company,1347,1366,0.9819580316543579,True,Huawei Technologies,Company
e74ece14-b964-4a4e-a529-e323e6b6cbe6,China Announces Updated National Security Strategy to Strengthen Cybersecurity and Defense,national networks,Location,1398,1415,0.6314826607704163,False,,
e74ece14-b964-4a4e-a529-e323e6b6cbe6,China Announces Updated National Security Strategy to Strengthen Cybersecurity and Defense,Ren Zhengfei,Person,1461,1473,0.973173975944519,False,,
e74ece14-b964-4a4e-a529-e323e6b6cbe6,China Announces Updated National Security Strategy to Strengthen Cybersecurity and Defense,Beijing,Location,44,51,0.9288397431373596,True,Beijing,Location
e74ece14-b964-4a4e-a529-e323e6b6cbe6,China Announces Updated National Security Strategy to Strengthen Cybersecurity and Defense,Beijing,Location,1605,1612,0.9288397431373596,True,Beijing,Location
e74ece14-b964-4a4e-a529-e323e6b6cbe6,China Announces Updated National Security Strategy to Strengthen Cybersecurity and Defense,Beijing,Location,3059,3066,0.9288397431373596,True,Beijing,Location
e74ece14-b964-4a4e-a529-e323e6b6cbe6,China Announces Updated National Security Strategy to Strengthen Cybersecurity and Defense,Greater Bay Area,Location,1621,1637,0.8988776206970215,False,,
e74ece14-b964-4a4e-a529-e323e6b6cbe6,China Announces Updated National Security Strategy to Strengthen Cybersecurity and Defense,Greater Bay Area,Location,2283,2299,0.8988776206970215,False,,
e74ece14-b964-4a4e-a529-e323e6b6cbe6,China Announces Updated National Security Strategy to Strengthen Cybersecurity and Defense,Huawei,Company,1347,1353,0.9569197297096252,True,Huawei Technologies,Company
e74ece14-b964-4a4e-a529-e323e6b6cbe6,China Announces Updated National Security Strategy to Strengthen Cybersecurity and Defense,Huawei,Company,1640,1646,0.9569197297096252,True,Huawei Technologies,Company
e74ece14-b964-4a4e-a529-e323e6b6cbe6,China Announces Updated National Security Strategy to Strengthen Cybersecurity and Defense,China,Location,110,115,0.6452392935752869,True,China,Location
e74ece14-b964-4a4e-a529-e323e6b6cbe6,China Announces Updated National Security Strategy to Strengthen Cybersecurity and Defense,China,Location,337,342,0.6452392935752869,True,China,Location
e74ece14-b964-4a4e-a529-e323e6b6cbe6,China Announces Updated National Security Strategy to Strengthen Cybersecurity and Defense,China,Location,774,779,0.6452392935752869,True,China,Location
e74ece14-b964-4a4e-a529-e323e6b6cbe6,China Announces Updated National Security Strategy to Strengthen Cybersecurity and Defense,China,Location,947,952,0.6452392935752869,True,China,Location
e74ece14-b964-4a4e-a529-e323e6b6cbe6,China Announces Updated National Security Strategy to Strengthen Cybersecurity and Defense,China,Location,1058,1063,0.6452392935752869,True,China,Location
e74ece14-b964-4a4e-a529-e323e6b6cbe6,China Announces Updated National Security Strategy to Strengthen Cybersecurity and Defense,China,Location,1702,1707,0.6452392935752869,True,China,Location
e74ece14-b964-4a4e-a529-e323e6b6cbe6,China Announces Updated National Security Strategy to Strengthen Cybersecurity and Defense,China,Location,2082,2087,0.6452392935752869,True,China,Location
e74ece14-b964-4a4e-a529-e323e6b6cbe6,China Announces Updated National Security Strategy to Strengthen Cybersecurity and Defense,China,Location,3021,3026,0.6452392935752869,True,China,Location
e74ece14-b964-4a4e-a529-e323e6b6cbe6,China Announces Updated National Security Strategy to Strengthen Cybersecurity and Defense,Tencent Holdings,Company,1723,1739,0.9861876964569092,True,Tencent Holdings,Company
e74ece14-b964-4a4e-a529-e323e6b6cbe6,China Announces Updated National Security Strategy to Strengthen Cybersecurity and Defense,Ma Huateng,Person,1899,1909,0.9715805649757385,False,,
e74ece14-b964-4a4e-a529-e323e6b6cbe6,China Announces Updated National Security Strategy to Strengthen Cybersecurity and Defense,Shenzhen,Location,1421,1429,0.9685655832290649,False,,
e74ece14-b964-4a4e-a529-e323e6b6cbe6,China Announces Updated National Security Strategy to Strengthen Cybersecurity and Defense,Shenzhen,Location,1974,1982,0.9685655832290649,False,,
e74ece14-b964-4a4e-a529-e323e6b6cbe6,China Announces Updated National Security Strategy to Strengthen Cybersecurity and Defense,The imperial city,Location,2121,2138,0.6853174567222595,False,,
e74ece14-b964-4a4e-a529-e323e6b6cbe6,China Announces Updated National Security Strategy to Strengthen Cybersecurity and Defense,The Greater Bay Area,Location,2279,2299,0.8733266592025757,False,,
e74ece14-b964-4a4e-a529-e323e6b6cbe6,China Announces Updated National Security Strategy to Strengthen Cybersecurity and Defense,Shanghai,Location,2423,2431,0.9530503153800964,True,Shanghai,Location
e74ece14-b964-4a4e-a529-e323e6b6cbe6,China Announces Updated National Security Strategy to Strengthen Cybersecurity and Defense,Premier Li Qiang,Person,2508,2524,0.9559023380279541,False,,
e74ece14-b964-4a4e-a529-e323e6b6cbe6,China Announces Updated National Security Strategy to Strengthen Cybersecurity and Defense,nation,Location,345,351,0.543021023273468,False,,
e74ece14-b964-4a4e-a529-e323e6b6cbe6,China Announces Updated National Security Strategy to Strengthen Cybersecurity and Defense,nation,Location,871,877,0.543021023273468,False,,
e74ece14-b964-4a4e-a529-e323e6b6cbe6,China Announces Updated National Security Strategy to Strengthen Cybersecurity and Defense,nation,Location,969,975,0.543021023273468,False,,
e74ece14-b964-4a4e-a529-e323e6b6cbe6,China Announces Updated National Security Strategy to Strengthen Cybersecurity and Defense,nation,Location,1398,1404,0.543021023273468,False,,
e74ece14-b964-4a4e-a529-e323e6b6cbe6,China Announces Updated National Security Strategy to Strengthen Cybersecurity and Defense,nation,Location,1869,1875,0.543021023273468,False,,
e74ece14-b964-4a4e-a529-e323e6b6cbe6,China Announces Updated National Security Strategy to Strengthen Cybersecurity and Defense,nation,Location,2685,2691,0.543021023273468,False,,
e74ece14-b964-4a4e-a529-e323e6b6cbe6,China Announces Updated National Security Strategy to Strengthen Cybersecurity and Defense,nation,Location,3090,3096,0.543021023273468,False,,
e74ece14-b964-4a4e-a529-e323e6b6cbe6,China Announces Updated National Security Strategy to Strengthen Cybersecurity and Defense,Analysts,Person,2916,2924,0.8367064595222473,False,,
e74ece14-b964-4a4e-a529-e323e6b6cbe6,China Announces Updated National Security Strategy to Strengthen Cybersecurity and Defense,China,Location,110,115,0.9062523245811462,True,China,Location
e74ece14-b964-4a4e-a529-e323e6b6cbe6,China Announces Updated National Security Strategy to Strengthen Cybersecurity and Defense,China,Location,337,342,0.9062523245811462,True,China,Location
e74ece14-b964-4a4e-a529-e323e6b6cbe6,China Announces Updated National Security Strategy to Strengthen Cybersecurity and Defense,China,Location,774,779,0.9062523245811462,True,China,Location
e74ece14-b964-4a4e-a529-e323e6b6cbe6,China Announces Updated National Security Strategy to Strengthen Cybersecurity and Defense,China,Location,947,952,0.9062523245811462,True,China,Location
e74ece14-b964-4a4e-a529-e323e6b6cbe6,China Announces Updated National Security Strategy to Strengthen Cybersecurity and Defense,China,Location,1058,1063,0.9062523245811462,True,China,Location
e74ece14-b964-4a4e-a529-e323e6b6cbe6,China Announces Updated National Security Strategy to Strengthen Cybersecurity and Defense,China,Location,1702,1707,0.9062523245811462,True,China,Location
e74ece14-b964-4a4e-a529-e323e6b6cbe6,China Announces Updated National Security Strategy to Strengthen Cybersecurity and Defense,China,Location,2082,2087,0.9062523245811462,True,China,Location
e74ece14-b964-4a4e-a529-e323e6b6cbe6,China Announces Updated National Security Strategy to Strengthen Cybersecurity and Defense,China,Location,3021,3026,0.9062523245811462,True,China,Location
e74ece14-b964-4a4e-a529-e323e6b6cbe6,China Announces Updated National Security Strategy to Strengthen Cybersecurity and Defense,Beijing,Location,44,51,0.9417362809181213,True,Beijing,Location
e74ece14-b964-4a4e-a529-e323e6b6cbe6,China Announces Updated National Security Strategy to Strengthen Cybersecurity and Defense,Beijing,Location,1605,1612,0.9417362809181213,True,Beijing,Location
e74ece14-b964-4a4e-a529-e323e6b6cbe6,China Announces Updated National Security Strategy to Strengthen Cybersecurity and Defense,Beijing,Location,3059,3066,0.9417362809181213,True,Beijing,Location
c40af5e3-585f-4401-9250-4a637d66d4df,China Launches Comprehensive Healthcare System Reform to Enhance Universal Coverage,Beijing,Location,40,47,0.8845202922821045,True,Beijing,Location
c40af5e3-585f-4401-9250-4a637d66d4df,China Launches Comprehensive Healthcare System Reform to Enhance Universal Coverage,Beijing,Location,3256,3263,0.8845202922821045,True,Beijing,Location
c40af5e3-585f-4401-9250-4a637d66d4df,China Launches Comprehensive Healthcare System Reform to Enhance Universal Coverage,Premier Li Qiang,Person,292,308,0.9642113447189331,False,,
c40af5e3-585f-4401-9250-4a637d66d4df,China Launches Comprehensive Healthcare System Reform to Enhance Universal Coverage,Premier Li,Person,292,302,0.7219999432563782,True,Li Qiang,Person
c40af5e3-585f-4401-9250-4a637d66d4df,China Launches Comprehensive Healthcare System Reform to Enhance Universal Coverage,Premier Li,Person,607,617,0.7219999432563782,True,Li Qiang,Person
c40af5e3-585f-4401-9250-4a637d66d4df,China Launches Comprehensive Healthcare System Reform to Enhance Universal Coverage,Great Hall of the People,Location,660,684,0.9374587535858154,False,,
c40af5e3-585f-4401-9250-4a637d66d4df,China Launches Comprehensive Healthcare System Reform to Enhance Universal Coverage,Prime Minister,Person,690,704,0.673997163772583,False,,
c40af5e3-585f-4401-9250-4a637d66d4df,China Launches Comprehensive Healthcare System Reform to Enhance Universal Coverage,President Xi,Person,742,754,0.9423261284828186,True,Xi Jinping,Person
c40af5e3-585f-4401-9250-4a637d66d4df,China Launches Comprehensive Healthcare System Reform to Enhance Universal Coverage,President Xi,Person,2651,2663,0.9423261284828186,True,Xi Jinping,Person
c40af5e3-585f-4401-9250-4a637d66d4df,China Launches Comprehensive Healthcare System Reform to Enhance Universal Coverage,Foreign Minister Wang Yi,Person,844,868,0.8824285864830017,False,,
c40af5e3-585f-4401-9250-4a637d66d4df,China Launches Comprehensive Healthcare System Reform to Enhance Universal Coverage,China,Location,104,109,0.9419024586677551,True,China,Location
c40af5e3-585f-4401-9250-4a637d66d4df,China Launches Comprehensive Healthcare System Reform to Enhance Universal Coverage,China,Location,778,783,0.9419024586677551,True,China,Location
c40af5e3-585f-4401-9250-4a637d66d4df,China Launches Comprehensive Healthcare System Reform to Enhance Universal Coverage,China,Location,977,982,0.9419024586677551,True,China,Location
c40af5e3-585f-4401-9250-4a637d66d4df,China Launches Comprehensive Healthcare System Reform to Enhance Universal Coverage,China,Location,1130,1135,0.9419024586677551,True,China,Location
c40af5e3-585f-4401-9250-4a637d66d4df,China Launches Comprehensive Healthcare System Reform to Enhance Universal Coverage,China,Location,1857,1862,0.9419024586677551,True,China,Location
c40af5e3-585f-4401-9250-4a637d66d4df,China Launches Comprehensive Healthcare System Reform to Enhance Universal Coverage,China,Location,104,109,0.9174338579177856,True,China,Location
c40af5e3-585f-4401-9250-4a637d66d4df,China Launches Comprehensive Healthcare System Reform to Enhance Universal Coverage,China,Location,778,783,0.9174338579177856,True,China,Location
c40af5e3-585f-4401-9250-4a637d66d4df,China Launches Comprehensive Healthcare System Reform to Enhance Universal Coverage,China,Location,977,982,0.9174338579177856,True,China,Location
c40af5e3-585f-4401-9250-4a637d66d4df,China Launches Comprehensive Healthcare System Reform to Enhance Universal Coverage,China,Location,1130,1135,0.9174338579177856,True,China,Location
c40af5e3-585f-4401-9250-4a637d66d4df,China Launches Comprehensive Healthcare System Reform to Enhance Universal Coverage,China,Location,1857,1862,0.9174338579177856,True,China,Location
c40af5e3-585f-4401-9250-4a637d66d4df,China Launches Comprehensive Healthcare System Reform to Enhance Universal Coverage,top diplomat,Person,1138,1150,0.7326028943061829,False,,
c40af5e3-585f-4401-9250-4a637d66d4df,China Launches Comprehensive Healthcare System Reform to Enhance Universal Coverage,Wang,Person,861,865,0.9467655420303345,True,Wang Yi,Person
c40af5e3-585f-4401-9250-4a637d66d4df,China Launches Comprehensive Healthcare System Reform to Enhance Universal Coverage,Wang,Person,1201,1205,0.9467655420303345,True,Wang Yi,Person
c40af5e3-585f-4401-9250-4a637d66d4df,China Launches Comprehensive Healthcare System Reform to Enhance Universal Coverage,healthcare professionals,Person,1397,1421,0.7811446189880371,False,,
c40af5e3-585f-4401-9250-4a637d66d4df,China Launches Comprehensive Healthcare System Reform to Enhance Universal Coverage,Alibaba Group,Company,1465,1478,0.9867405295372009,True,Alibaba Group,Company
c40af5e3-585f-4401-9250-4a637d66d4df,China Launches Comprehensive Healthcare System Reform to Enhance Universal Coverage,Hangzhou-based,Location,1484,1498,0.9257320761680603,False,,
c40af5e3-585f-4401-9250-4a637d66d4df,China Launches Comprehensive Healthcare System Reform to Enhance Universal Coverage,Eddie Yongming Wu,Person,1649,1666,0.9233957529067993,False,,
c40af5e3-585f-4401-9250-4a637d66d4df,China Launches Comprehensive Healthcare System Reform to Enhance Universal Coverage,Alibaba Health,Company,1682,1696,0.9669817090034485,False,,
c40af5e3-585f-4401-9250-4a637d66d4df,China Launches Comprehensive Healthcare System Reform to Enhance Universal Coverage,Yangtze River Delta,Location,1767,1786,0.960128128528595,False,,
c40af5e3-585f-4401-9250-4a637d66d4df,China Launches Comprehensive Healthcare System Reform to Enhance Universal Coverage,Yangtze River Delta,Location,2426,2445,0.960128128528595,False,,
c40af5e3-585f-4401-9250-4a637d66d4df,China Launches Comprehensive Healthcare System Reform to Enhance Universal Coverage,China,Location,104,109,0.7653189301490784,True,China,Location
c40af5e3-585f-4401-9250-4a637d66d4df,China Launches Comprehensive Healthcare System Reform to Enhance Universal Coverage,China,Location,778,783,0.7653189301490784,True,China,Location
c40af5e3-585f-4401-9250-4a637d66d4df,China Launches Comprehensive Healthcare System Reform to Enhance Universal Coverage,China,Location,977,982,0.7653189301490784,True,China,Location
c40af5e3-585f-4401-9250-4a637d66d4df,China Launches Comprehensive Healthcare System Reform to Enhance Universal Coverage,China,Location,1130,1135,0.7653189301490784,True,China,Location
c40af5e3-585f-4401-9250-4a637d66d4df,China Launches Comprehensive Healthcare System Reform to Enhance Universal Coverage,China,Location,1857,1862,0.7653189301490784,True,China,Location
c40af5e3-585f-4401-9250-4a637d66d4df,China Launches Comprehensive Healthcare System Reform to Enhance Universal Coverage,Tencent Holdings,Company,1875,1891,0.9643322825431824,True,Tencent Holdings,Company
c40af5e3-585f-4401-9250-4a637d66d4df,China Launches Comprehensive Healthcare System Reform to Enhance Universal Coverage,Shenzhen-based,Location,1897,1911,0.5352776646614075,False,,
c40af5e3-585f-4401-9250-4a637d66d4df,China Launches Comprehensive Healthcare System Reform to Enhance Universal Coverage,CEO,Person,1645,1648,0.5219564437866211,False,,
c40af5e3-585f-4401-9250-4a637d66d4df,China Launches Comprehensive Healthcare System Reform to Enhance Universal Coverage,CEO,Person,2045,2048,0.5219564437866211,False,,
c40af5e3-585f-4401-9250-4a637d66d4df,China Launches Comprehensive Healthcare System Reform to Enhance Universal Coverage,Ma Huateng,Person,2049,2059,0.9705970287322998,False,,
c40af5e3-585f-4401-9250-4a637d66d4df,China Launches Comprehensive Healthcare System Reform to Enhance Universal Coverage,Shenzhen,Location,1897,1905,0.9620546698570251,False,,
c40af5e3-585f-4401-9250-4a637d66d4df,China Launches Comprehensive Healthcare System Reform to Enhance Universal Coverage,Shenzhen,Location,2126,2134,0.9620546698570251,False,,
c40af5e3-585f-4401-9250-4a637d66d4df,China Launches Comprehensive Healthcare System Reform to Enhance Universal Coverage,imperial city,Location,2268,2281,0.7586851119995117,False,,
c40af5e3-585f-4401-9250-4a637d66d4df,China Launches Comprehensive Healthcare System Reform to Enhance Universal Coverage,National Healthcare Innovation Agency,Company,2357,2394,0.5102101564407349,False,,
c40af5e3-585f-4401-9250-4a637d66d4df,China Launches Comprehensive Healthcare System Reform to Enhance Universal Coverage,The Yangtze River Delta,Location,2422,2445,0.9488779902458191,False,,
c40af5e3-585f-4401-9250-4a637d66d4df,China Launches Comprehensive Healthcare System Reform to Enhance Universal Coverage,Greater Bay Area,Location,2549,2565,0.9402971267700195,False,,
c40af5e3-585f-4401-9250-4a637d66d4df,China Launches Comprehensive Healthcare System Reform to Enhance Universal Coverage,President Xi Jinping,Person,2651,2671,0.9551308751106262,False,,
c40af5e3-585f-4401-9250-4a637d66d4df,China Launches Comprehensive Healthcare System Reform to Enhance Universal Coverage,industry,Company,2781,2789,0.5275816917419434,False,,
c40af5e3-585f-4401-9250-4a637d66d4df,China Launches Comprehensive Healthcare System Reform to Enhance Universal Coverage,Core Leader,Person,2933,2944,0.923123836517334,True,Xi Jinping,Person
c40af5e3-585f-4401-9250-4a637d66d4df,China Launches Comprehensive Healthcare System Reform to Enhance Universal Coverage,urban and rural areas,Location,3078,3099,0.565935492515564,False,,
c40af5e3-585f-4401-9250-4a637d66d4df,China Launches Comprehensive Healthcare System Reform to Enhance Universal Coverage,Analysts,Person,3102,3110,0.6596130728721619,False,,
c40af5e3-585f-4401-9250-4a637d66d4df,China Launches Comprehensive Healthcare System Reform to Enhance Universal Coverage,Beijing,Location,40,47,0.9862328767776489,True,Beijing,Location
c40af5e3-585f-4401-9250-4a637d66d4df,China Launches Comprehensive Healthcare System Reform to Enhance Universal Coverage,Beijing,Location,3256,3263,0.9862328767776489,True,Beijing,Location
2e93946c-0c34-477f-8797-23cd6f666664,China Hosts Global Foreign Investment Summit to Boost Economic Cooperation,China,Location,0,5,0.5924987196922302,True,China,Location
2e93946c-0c34-477f-8797-23cd6f666664,China Hosts Global Foreign Investment Summit to Boost Economic Cooperation,China,Location,81,86,0.5924987196922302,True,China,Location
2e93946c-0c34-477f-8797-23cd6f666664,China Hosts Global Foreign Investment Summit to Boost Economic Cooperation,China,Location,218,223,0.5924987196922302,True,China,Location
2e93946c-0c34-477f-8797-23cd6f666664,China Hosts Global Foreign Investment Summit to Boost Economic Cooperation,China,Location,522,527,0.5924987196922302,True,China,Location
2e93946c-0c34-477f-8797-23cd6f666664,China Hosts Global Foreign Investment Summit to Boost Economic Cooperation,China,Location,860,865,0.5924987196922302,True,China,Location
2e93946c-0c34-477f-8797-23cd6f666664,China Hosts Global Foreign Investment Summit to Boost Economic Cooperation,China,Location,967,972,0.5924987196922302,True,China,Location
2e93946c-0c34-477f-8797-23cd6f666664,China Hosts Global Foreign Investment Summit to Boost Economic Cooperation,China,Location,1165,1170,0.5924987196922302,True,China,Location
2e93946c-0c34-477f-8797-23cd6f666664,China Hosts Global Foreign Investment Summit to Boost Economic Cooperation,China,Location,1776,1781,0.5924987196922302,True,China,Location
2e93946c-0c34-477f-8797-23cd6f666664,China Hosts Global Foreign Investment Summit to Boost Economic Cooperation,China,Location,2778,2783,0.5924987196922302,True,China,Location
2e93946c-0c34-477f-8797-23cd6f666664,China Hosts Global Foreign Investment Summit to Boost Economic Cooperation,China,Location,3124,3129,0.5924987196922302,True,China,Location
2e93946c-0c34-477f-8797-23cd6f666664,China Hosts Global Foreign Investment Summit to Boost Economic Cooperation,Shanghai,Location,37,45,0.9582639336585999,True,Shanghai,Location
2e93946c-0c34-477f-8797-23cd6f666664,China Hosts Global Foreign Investment Summit to Boost Economic Cooperation,Shanghai,Location,138,146,0.9582639336585999,True,Shanghai,Location
2e93946c-0c34-477f-8797-23cd6f666664,China Hosts Global Foreign Investment Summit to Boost Economic Cooperation,Shanghai,Location,692,700,0.9582639336585999,True,Shanghai,Location
2e93946c-0c34-477f-8797-23cd6f666664,China Hosts Global Foreign Investment Summit to Boost Economic Cooperation,Shanghai,Location,2031,2039,0.9582639336585999,True,Shanghai,Location
2e93946c-0c34-477f-8797-23cd6f666664,China Hosts Global Foreign Investment Summit to Boost Economic Cooperation,Shanghai,Location,2173,2181,0.9582639336585999,True,Shanghai,Location
2e93946c-0c34-477f-8797-23cd6f666664,China Hosts Global Foreign Investment Summit to Boost Economic Cooperation,Shanghai,Location,3258,3266,0.9582639336585999,True,Shanghai,Location
2e93946c-0c34-477f-8797-23cd6f666664,China Hosts Global Foreign Investment Summit to Boost Economic Cooperation,China,Location,0,5,0.5154628753662109,True,China,Location
2e93946c-0c34-477f-8797-23cd6f666664,China Hosts Global Foreign Investment Summit to Boost Economic Cooperation,China,Location,81,86,0.5154628753662109,True,China,Location
2e93946c-0c34-477f-8797-23cd6f666664,China Hosts Global Foreign Investment Summit to Boost Economic Cooperation,China,Location,218,223,0.5154628753662109,True,China,Location
2e93946c-0c34-477f-8797-23cd6f666664,China Hosts Global Foreign Investment Summit to Boost Economic Cooperation,China,Location,522,527,0.5154628753662109,True,China,Location
2e93946c-0c34-477f-8797-23cd6f666664,China Hosts Global Foreign Investment Summit to Boost Economic Cooperation,China,Location,860,865,0.5154628753662109,True,China,Location
2e93946c-0c34-477f-8797-23cd6f666664,China Hosts Global Foreign Investment Summit to Boost Economic Cooperation,China,Location,967,972,0.5154628753662109,True,China,Location
2e93946c-0c34-477f-8797-23cd6f666664,China Hosts Global Foreign Investment Summit to Boost Economic Cooperation,China,Location,1165,1170,0.5154628753662109,True,China,Location
2e93946c-0c34-477f-8797-23cd6f666664,China Hosts Global Foreign Investment Summit to Boost Economic Cooperation,China,Location,1776,1781,0.5154628753662109,True,China,Location
2e93946c-0c34-477f-8797-23cd6f666664,China Hosts Global Foreign Investment Summit to Boost Economic Cooperation,China,Location,2778,2783,0.5154628753662109,True,China,Location
2e93946c-0c34-477f-8797-23cd6f666664,China Hosts Global Foreign Investment Summit to Boost Economic Cooperation,China,Location,3124,3129,0.5154628753662109,True,China,Location
2e93946c-0c34-477f-8797-23cd6f666664,China Hosts Global Foreign Investment Summit to Boost Economic Cooperation,Shanghai,Location,37,45,0.9698290228843689,True,Shanghai,Location
2e93946c-0c34-477f-8797-23cd6f666664,China Hosts Global Foreign Investment Summit to Boost Economic Cooperation,Shanghai,Location,138,146,0.9698290228843689,True,Shanghai,Location
2e93946c-0c34-477f-8797-23cd6f666664,China Hosts Global Foreign Investment Summit to Boost Economic Cooperation,Shanghai,Location,692,700,0.9698290228843689,True,Shanghai,Location
2e93946c-0c34-477f-8797-23cd6f666664,China Hosts Global Foreign Investment Summit to Boost Economic Cooperation,Shanghai,Location,2031,2039,0.9698290228843689,True,Shanghai,Location
2e93946c-0c34-477f-8797-23cd6f666664,China Hosts Global Foreign Investment Summit to Boost Economic Cooperation,Shanghai,Location,2173,2181,0.9698290228843689,True,Shanghai,Location
2e93946c-0c34-477f-8797-23cd6f666664,China Hosts Global Foreign Investment Summit to Boost Economic Cooperation,Shanghai,Location,3258,3266,0.9698290228843689,True,Shanghai,Location
2e93946c-0c34-477f-8797-23cd6f666664,China Hosts Global Foreign Investment Summit to Boost Economic Cooperation,international businesses,Company,177,201,0.6053590178489685,False,,
2e93946c-0c34-477f-8797-23cd6f666664,China Hosts Global Foreign Investment Summit to Boost Economic Cooperation,Premier Li Qiang,Person,291,307,0.9705101251602173,False,,
2e93946c-0c34-477f-8797-23cd6f666664,China Hosts Global Foreign Investment Summit to Boost Economic Cooperation,multinational corporations,Company,351,377,0.6884827613830566,False,,
2e93946c-0c34-477f-8797-23cd6f666664,China Hosts Global Foreign Investment Summit to Boost Economic Cooperation,China,Location,0,5,0.5535141825675964,True,China,Location
2e93946c-0c34-477f-8797-23cd6f666664,China Hosts Global Foreign Investment Summit to Boost Economic Cooperation,China,Location,81,86,0.5535141825675964,True,China,Location
2e93946c-0c34-477f-8797-23cd6f666664,China Hosts Global Foreign Investment Summit to Boost Economic Cooperation,China,Location,218,223,0.5535141825675964,True,China,Location
2e93946c-0c34-477f-8797-23cd6f666664,China Hosts Global Foreign Investment Summit to Boost Economic Cooperation,China,Location,522,527,0.5535141825675964,True,China,Location
2e93946c-0c34-477f-8797-23cd6f666664,China Hosts Global Foreign Investment Summit to Boost Economic Cooperation,China,Location,860,865,0.5535141825675964,True,China,Location
2e93946c-0c34-477f-8797-23cd6f666664,China Hosts Global Foreign Investment Summit to Boost Economic Cooperation,China,Location,967,972,0.5535141825675964,True,China,Location
2e93946c-0c34-477f-8797-23cd6f666664,China Hosts Global Foreign Investment Summit to Boost Economic Cooperation,China,Location,1165,1170,0.5535141825675964,True,China,Location
2e93946c-0c34-477f-8797-23cd6f666664,China Hosts Global Foreign Investment Summit to Boost Economic Cooperation,China,Location,1776,1781,0.5535141825675964,True,China,Location
2e93946c-0c34-477f-8797-23cd6f666664,China Hosts Global Foreign Investment Summit to Boost Economic Cooperation,China,Location,2778,2783,0.5535141825675964,True,China,Location
2e93946c-0c34-477f-8797-23cd6f666664,China Hosts Global Foreign Investment Summit to Boost Economic Cooperation,China,Location,3124,3129,0.5535141825675964,True,China,Location
2e93946c-0c34-477f-8797-23cd6f666664,China Hosts Global Foreign Investment Summit to Boost Economic Cooperation,Premier Li,Person,291,301,0.7977482080459595,True,Li Qiang,Person
2e93946c-0c34-477f-8797-23cd6f666664,China Hosts Global Foreign Investment Summit to Boost Economic Cooperation,Premier Li,Person,637,647,0.7977482080459595,True,Li Qiang,Person
2e93946c-0c34-477f-8797-23cd6f666664,China Hosts Global Foreign Investment Summit to Boost Economic Cooperation,Shanghai World Expo Center,Location,692,718,0.9580225348472595,False,,
2e93946c-0c34-477f-8797-23cd6f666664,China Hosts Global Foreign Investment Summit to Boost Economic Cooperation,Prime Minister,Person,724,738,0.6315184831619263,False,,
2e93946c-0c34-477f-8797-23cd6f666664,China Hosts Global Foreign Investment Summit to Boost Economic Cooperation,President Xi,Person,777,789,0.9266013503074646,True,Xi Jinping,Person
2e93946c-0c34-477f-8797-23cd6f666664,China Hosts Global Foreign Investment Summit to Boost Economic Cooperation,President Xi,Person,2643,2655,0.9266013503074646,True,Xi Jinping,Person
2e93946c-0c34-477f-8797-23cd6f666664,China Hosts Global Foreign Investment Summit to Boost Economic Cooperation,China,Location,0,5,0.9586558938026428,True,China,Location
2e93946c-0c34-477f-8797-23cd6f666664,China Hosts Global Foreign Investment Summit to Boost Economic Cooperation,China,Location,81,86,0.9586558938026428,True,China,Location
2e93946c-0c34-477f-8797-23cd6f666664,China Hosts Global Foreign Investment Summit to Boost Economic Cooperation,China,Location,218,223,0.9586558938026428,True,China,Location
2e93946c-0c34-477f-8797-23cd6f666664,China Hosts Global Foreign Investment Summit to Boost Economic Cooperation,China,Location,522,527,0.9586558938026428,True,China,Location
2e93946c-0c34-477f-8797-23cd6f666664,China Hosts Global Foreign Investment Summit to Boost Economic Cooperation,China,Location,860,865,0.9586558938026428,True,China,Location
2e93946c-0c34-477f-8797-23cd6f666664,China Hosts Global Foreign Investment Summit to Boost Economic Cooperation,China,Location,967,972,0.9586558938026428,True,China,Location
2e93946c-0c34-477f-8797-23cd6f666664,China Hosts Global Foreign Investment Summit to Boost Economic Cooperation,China,Location,1165,1170,0.9586558938026428,True,China,Location
2e93946c-0c34-477f-8797-23cd6f666664,China Hosts Global Foreign Investment Summit to Boost Economic Cooperation,China,Location,1776,1781,0.9586558938026428,True,China,Location
2e93946c-0c34-477f-8797-23cd6f666664,China Hosts Global Foreign Investment Summit to Boost Economic Cooperation,China,Location,2778,2783,0.9586558938026428,True,China,Location
2e93946c-0c34-477f-8797-23cd6f666664,China Hosts Global Foreign Investment Summit to Boost Economic Cooperation,China,Location,3124,3129,0.9586558938026428,True,China,Location
2e93946c-0c34-477f-8797-23cd6f666664,China Hosts Global Foreign Investment Summit to Boost Economic Cooperation,Foreign Minister Wang Yi,Person,906,930,0.8738799691200256,False,,
2e93946c-0c34-477f-8797-23cd6f666664,China Hosts Global Foreign Investment Summit to Boost Economic Cooperation,China,Location,0,5,0.9622185826301575,True,China,Location
2e93946c-0c34-477f-8797-23cd6f666664,China Hosts Global Foreign Investment Summit to Boost Economic Cooperation,China,Location,81,86,0.9622185826301575,True,China,Location
2e93946c-0c34-477f-8797-23cd6f666664,China Hosts Global Foreign Investment Summit to Boost Economic Cooperation,China,Location,218,223,0.9622185826301575,True,China,Location
2e93946c-0c34-477f-8797-23cd6f666664,China Hosts Global Foreign Investment Summit to Boost Economic Cooperation,China,Location,522,527,0.9622185826301575,True,China,Location
2e93946c-0c34-477f-8797-23cd6f666664,China Hosts Global Foreign Investment Summit to Boost Economic Cooperation,China,Location,860,865,0.9622185826301575,True,China,Location
2e93946c-0c34-477f-8797-23cd6f666664,China Hosts Global Foreign Investment Summit to Boost Economic Cooperation,China,Location,967,972,0.9622185826301575,True,China,Location
2e93946c-0c34-477f-8797-23cd6f666664,China Hosts Global Foreign Investment Summit to Boost Economic Cooperation,China,Location,1165,1170,0.9622185826301575,True,China,Location
2e93946c-0c34-477f-8797-23cd6f666664,China Hosts Global Foreign Investment Summit to Boost Economic Cooperation,China,Location,1776,1781,0.9622185826301575,True,China,Location
2e93946c-0c34-477f-8797-23cd6f666664,China Hosts Global Foreign Investment Summit to Boost Economic Cooperation,China,Location,2778,2783,0.9622185826301575,True,China,Location
2e93946c-0c34-477f-8797-23cd6f666664,China Hosts Global Foreign Investment Summit to Boost Economic Cooperation,China,Location,3124,3129,0.9622185826301575,True,China,Location
2e93946c-0c34-477f-8797-23cd6f666664,China Hosts Global Foreign Investment Summit to Boost Economic Cooperation,China,Location,0,5,0.5787240862846375,True,China,Location
2e93946c-0c34-477f-8797-23cd6f666664,China Hosts Global Foreign Investment Summit to Boost Economic Cooperation,China,Location,81,86,0.5787240862846375,True,China,Location
2e93946c-0c34-477f-8797-23cd6f666664,China Hosts Global Foreign Investment Summit to Boost Economic Cooperation,China,Location,218,223,0.5787240862846375,True,China,Location
2e93946c-0c34-477f-8797-23cd6f666664,China Hosts Global Foreign Investment Summit to Boost Economic Cooperation,China,Location,522,527,0.5787240862846375,True,China,Location
2e93946c-0c34-477f-8797-23cd6f666664,China Hosts Global Foreign Investment Summit to Boost Economic Cooperation,China,Location,860,865,0.5787240862846375,True,China,Location
2e93946c-0c34-477f-8797-23cd6f666664,China Hosts Global Foreign Investment Summit to Boost Economic Cooperation,China,Location,967,972,0.5787240862846375,True,China,Location
2e93946c-0c34-477f-8797-23cd6f666664,China Hosts Global Foreign Investment Summit to Boost Economic Cooperation,China,Location,1165,1170,0.5787240862846375,True,China,Location
2e93946c-0c34-477f-8797-23cd6f666664,China Hosts Global Foreign Investment Summit to Boost Economic Cooperation,China,Location,1776,1781,0.5787240862846375,True,China,Location
2e93946c-0c34-477f-8797-23cd6f666664,China Hosts Global Foreign Investment Summit to Boost Economic Cooperation,China,Location,2778,2783,0.5787240862846375,True,China,Location
2e93946c-0c34-477f-8797-23cd6f666664,China Hosts Global Foreign Investment Summit to Boost Economic Cooperation,China,Location,3124,3129,0.5787240862846375,True,China,Location
2e93946c-0c34-477f-8797-23cd6f666664,China Hosts Global Foreign Investment Summit to Boost Economic Cooperation,top diplomat,Person,1173,1185,0.5892722606658936,False,,
2e93946c-0c34-477f-8797-23cd6f666664,China Hosts Global Foreign Investment Summit to Boost Economic Cooperation,Wang,Person,923,927,0.9556613564491272,True,Wang Yi,Person
2e93946c-0c34-477f-8797-23cd6f666664,China Hosts Global Foreign Investment Summit to Boost Economic Cooperation,Wang,Person,1194,1198,0.9556613564491272,True,Wang Yi,Person
2e93946c-0c34-477f-8797-23cd6f666664,China Hosts Global Foreign Investment Summit to Boost Economic Cooperation,Yangtze River Delta,Location,1387,1406,0.9549232125282288,False,,
2e93946c-0c34-477f-8797-23cd6f666664,China Hosts Global Foreign Investment Summit to Boost Economic Cooperation,Yangtze River Delta,Location,2518,2537,0.9549232125282288,False,,
2e93946c-0c34-477f-8797-23cd6f666664,China Hosts Global Foreign Investment Summit to Boost Economic Cooperation,Greater Bay Area,Location,1408,1424,0.9347659349441528,False,,
2e93946c-0c34-477f-8797-23cd6f666664,China Hosts Global Foreign Investment Summit to Boost Economic Cooperation,Greater Bay Area,Location,2361,2377,0.9347659349441528,False,,
2e93946c-0c34-477f-8797-23cd6f666664,China Hosts Global Foreign Investment Summit to Boost Economic Cooperation,Beijing,Location,1430,1437,0.9436843991279602,True,Beijing,Location
2e93946c-0c34-477f-8797-23cd6f666664,China Hosts Global Foreign Investment Summit to Boost Economic Cooperation,Beijing,Location,2441,2448,0.9436843991279602,True,Beijing,Location
2e93946c-0c34-477f-8797-23cd6f666664,China Hosts Global Foreign Investment Summit to Boost Economic Cooperation,Alibaba Group,Company,1439,1452,0.9741867184638977,True,Alibaba Group,Company
2e93946c-0c34-477f-8797-23cd6f666664,China Hosts Global Foreign Investment Summit to Boost Economic Cooperation,Hangzhou-based,Location,1458,1472,0.7536255121231079,False,,
2e93946c-0c34-477f-8797-23cd6f666664,China Hosts Global Foreign Investment Summit to Boost Economic Cooperation,Eddie Yongming Wu,Person,1621,1638,0.9355131387710571,False,,
2e93946c-0c34-477f-8797-23cd6f666664,China Hosts Global Foreign Investment Summit to Boost Economic Cooperation,Chinese market,Location,1703,1717,0.57695072889328,False,,
2e93946c-0c34-477f-8797-23cd6f666664,China Hosts Global Foreign Investment Summit to Boost Economic Cooperation,Alibaba,Company,1439,1446,0.9469224810600281,True,Alibaba Group,Company
2e93946c-0c34-477f-8797-23cd6f666664,China Hosts Global Foreign Investment Summit to Boost Economic Cooperation,Alibaba,Company,1720,1727,0.9469224810600281,True,Alibaba Group,Company
2e93946c-0c34-477f-8797-23cd6f666664,China Hosts Global Foreign Investment Summit to Boost Economic Cooperation,China,Location,0,5,0.8506836891174316,True,China,Location
2e93946c-0c34-477f-8797-23cd6f666664,China Hosts Global Foreign Investment Summit to Boost Economic Cooperation,China,Location,81,86,0.8506836891174316,True,China,Location
2e93946c-0c34-477f-8797-23cd6f666664,China Hosts Global Foreign Investment Summit to Boost Economic Cooperation,China,Location,218,223,0.8506836891174316,True,China,Location
2e93946c-0c34-477f-8797-23cd6f666664,China Hosts Global Foreign Investment Summit to Boost Economic Cooperation,China,Location,522,527,0.8506836891174316,True,China,Location
2e93946c-0c34-477f-8797-23cd6f666664,China Hosts Global Foreign Investment Summit to Boost Economic Cooperation,China,Location,860,865,0.8506836891174316,True,China,Location
2e93946c-0c34-477f-8797-23cd6f666664,China Hosts Global Foreign Investment Summit to Boost Economic Cooperation,China,Location,967,972,0.8506836891174316,True,China,Location
2e93946c-0c34-477f-8797-23cd6f666664,China Hosts Global Foreign Investment Summit to Boost Economic Cooperation,China,Location,1165,1170,0.8506836891174316,True,China,Location
2e93946c-0c34-477f-8797-23cd6f666664,China Hosts Global Foreign Investment Summit to Boost Economic Cooperation,China,Location,1776,1781,0.8506836891174316,True,China,Location
2e93946c-0c34-477f-8797-23cd6f666664,China Hosts Global Foreign Investment Summit to Boost Economic Cooperation,China,Location,2778,2783,0.8506836891174316,True,China,Location
2e93946c-0c34-477f-8797-23cd6f666664,China Hosts Global Foreign Investment Summit to Boost Economic Cooperation,China,Location,3124,3129,0.8506836891174316,True,China,Location
2e93946c-0c34-477f-8797-23cd6f666664,China Hosts Global Foreign Investment Summit to Boost Economic Cooperation,Tencent Holdings,Company,1811,1827,0.9854415655136108,True,Tencent Holdings,Company
2e93946c-0c34-477f-8797-23cd6f666664,China Hosts Global Foreign Investment Summit to Boost Economic Cooperation,Shenzhen-based,Location,1833,1847,0.5555408596992493,False,,
2e93946c-0c34-477f-8797-23cd6f666664,China Hosts Global Foreign Investment Summit to Boost Economic Cooperation,Ma Huateng,Person,1965,1975,0.973287045955658,False,,
2e93946c-0c34-477f-8797-23cd6f666664,China Hosts Global Foreign Investment Summit to Boost Economic Cooperation,Shanghai,Location,37,45,0.9724871516227722,True,Shanghai,Location
2e93946c-0c34-477f-8797-23cd6f666664,China Hosts Global Foreign Investment Summit to Boost Economic Cooperation,Shanghai,Location,138,146,0.9724871516227722,True,Shanghai,Location
2e93946c-0c34-477f-8797-23cd6f666664,China Hosts Global Foreign Investment Summit to Boost Economic Cooperation,Shanghai,Location,692,700,0.9724871516227722,True,Shanghai,Location
2e93946c-0c34-477f-8797-23cd6f666664,China Hosts Global Foreign Investment Summit to Boost Economic Cooperation,Shanghai,Location,2031,2039,0.9724871516227722,True,Shanghai,Location
2e93946c-0c34-477f-8797-23cd6f666664,China Hosts Global Foreign Investment Summit to Boost Economic Cooperation,Shanghai,Location,2173,2181,0.9724871516227722,True,Shanghai,Location
2e93946c-0c34-477f-8797-23cd6f666664,China Hosts Global Foreign Investment Summit to Boost Economic Cooperation,Shanghai,Location,3258,3266,0.9724871516227722,True,Shanghai,Location
2e93946c-0c34-477f-8797-23cd6f666664,China Hosts Global Foreign Investment Summit to Boost Economic Cooperation,Shanghai,Location,37,45,0.9741322994232178,True,Shanghai,Location
2e93946c-0c34-477f-8797-23cd6f666664,China Hosts Global Foreign Investment Summit to Boost Economic Cooperation,Shanghai,Location,138,146,0.9741322994232178,True,Shanghai,Location
2e93946c-0c34-477f-8797-23cd6f666664,China Hosts Global Foreign Investment Summit to Boost Economic Cooperation,Shanghai,Location,692,700,0.9741322994232178,True,Shanghai,Location
2e93946c-0c34-477f-8797-23cd6f666664,China Hosts Global Foreign Investment Summit to Boost Economic Cooperation,Shanghai,Location,2031,2039,0.9741322994232178,True,Shanghai,Location
2e93946c-0c34-477f-8797-23cd6f666664,China Hosts Global Foreign Investment Summit to Boost Economic Cooperation,Shanghai,Location,2173,2181,0.9741322994232178,True,Shanghai,Location
2e93946c-0c34-477f-8797-23cd6f666664,China Hosts Global Foreign Investment Summit to Boost Economic Cooperation,Shanghai,Location,3258,3266,0.9741322994232178,True,Shanghai,Location
2e93946c-0c34-477f-8797-23cd6f666664,China Hosts Global Foreign Investment Summit to Boost Economic Cooperation,Pearl of the Orient,Location,2187,2206,0.8425491452217102,True,Shanghai,Location
2e93946c-0c34-477f-8797-23cd6f666664,China Hosts Global Foreign Investment Summit to Boost Economic Cooperation,Mayor Gong Zheng,Person,2247,2263,0.9788048267364502,False,,
2e93946c-0c34-477f-8797-23cd6f666664,China Hosts Global Foreign Investment Summit to Boost Economic Cooperation,foreign firms,Company,2312,2325,0.6688982844352722,False,,
2e93946c-0c34-477f-8797-23cd6f666664,China Hosts Global Foreign Investment Summit to Boost Economic Cooperation,Greater Bay Area,Location,1408,1424,0.8828314542770386,False,,
2e93946c-0c34-477f-8797-23cd6f666664,China Hosts Global Foreign Investment Summit to Boost Economic Cooperation,Greater Bay Area,Location,2361,2377,0.8828314542770386,False,,
2e93946c-0c34-477f-8797-23cd6f666664,China Hosts Global Foreign Investment Summit to Boost Economic Cooperation,Beijing,Location,1430,1437,0.9634624123573303,True,Beijing,Location
2e93946c-0c34-477f-8797-23cd6f666664,China Hosts Global Foreign Investment Summit to Boost Economic Cooperation,Beijing,Location,2441,2448,0.9634624123573303,True,Beijing,Location
2e93946c-0c34-477f-8797-23cd6f666664,China Hosts Global Foreign Investment Summit to Boost Economic Cooperation,The Yangtze River Delta,Location,2514,2537,0.870922863483429,False,,
2e93946c-0c34-477f-8797-23cd6f666664,China Hosts Global Foreign Investment Summit to Boost Economic Cooperation,global tech and automotive firms,Company,2608,2640,0.7091333866119385,False,,
2e93946c-0c34-477f-8797-23cd6f666664,China Hosts Global Foreign Investment Summit to Boost Economic Cooperation,President Xi Jinping,Person,2643,2663,0.9478093981742859,False,,
2e93946c-0c34-477f-8797-23cd6f666664,China Hosts Global Foreign Investment Summit to Boost Economic Cooperation,China,Location,0,5,0.8552358150482178,True,China,Location
2e93946c-0c34-477f-8797-23cd6f666664,China Hosts Global Foreign Investment Summit to Boost Economic Cooperation,China,Location,81,86,0.8552358150482178,True,China,Location
2e93946c-0c34-477f-8797-23cd6f666664,China Hosts Global Foreign Investment Summit to Boost Economic Cooperation,China,Location,218,223,0.8552358150482178,True,China,Location
2e93946c-0c34-477f-8797-23cd6f666664,China Hosts Global Foreign Investment Summit to Boost Economic Cooperation,China,Location,522,527,0.8552358150482178,True,China,Location
2e93946c-0c34-477f-8797-23cd6f666664,China Hosts Global Foreign Investment Summit to Boost Economic Cooperation,China,Location,860,865,0.8552358150482178,True,China,Location
2e93946c-0c34-477f-8797-23cd6f666664,China Hosts Global Foreign Investment Summit to Boost Economic Cooperation,China,Location,967,972,0.8552358150482178,True,China,Location
2e93946c-0c34-477f-8797-23cd6f666664,China Hosts Global Foreign Investment Summit to Boost Economic Cooperation,China,Location,1165,1170,0.8552358150482178,True,China,Location
2e93946c-0c34-477f-8797-23cd6f666664,China Hosts Global Foreign Investment Summit to Boost Economic Cooperation,China,Location,1776,1781,0.8552358150482178,True,China,Location
2e93946c-0c34-477f-8797-23cd6f666664,China Hosts Global Foreign Investment Summit to Boost Economic Cooperation,China,Location,2778,2783,0.8552358150482178,True,China,Location
2e93946c-0c34-477f-8797-23cd6f666664,China Hosts Global Foreign Investment Summit to Boost Economic Cooperation,China,Location,3124,3129,0.8552358150482178,True,China,Location
2e93946c-0c34-477f-8797-23cd6f666664,China Hosts Global Foreign Investment Summit to Boost Economic Cooperation,Core Leader,Person,2866,2877,0.5146875381469727,True,Xi Jinping,Person
2e93946c-0c34-477f-8797-23cd6f666664,China Hosts Global Foreign Investment Summit to Boost Economic Cooperation,Analysts,Person,3052,3060,0.783524751663208,False,,
2e93946c-0c34-477f-8797-23cd6f666664,China Hosts Global Foreign Investment Summit to Boost Economic Cooperation,China,Location,0,5,0.9282328486442566,True,China,Location
2e93946c-0c34-477f-8797-23cd6f666664,China Hosts Global Foreign Investment Summit to Boost Economic Cooperation,China,Location,81,86,0.9282328486442566,True,China,Location
2e93946c-0c34-477f-8797-23cd6f666664,China Hosts Global Foreign Investment Summit to Boost Economic Cooperation,China,Location,218,223,0.9282328486442566,True,China,Location
2e93946c-0c34-477f-8797-23cd6f666664,China Hosts Global Foreign Investment Summit to Boost Economic Cooperation,China,Location,522,527,0.9282328486442566,True,China,Location
2e93946c-0c34-477f-8797-23cd6f666664,China Hosts Global Foreign Investment Summit to Boost Economic Cooperation,China,Location,860,865,0.9282328486442566,True,China,Location
2e93946c-0c34-477f-8797-23cd6f666664,China Hosts Global Foreign Investment Summit to Boost Economic Cooperation,China,Location,967,972,0.9282328486442566,True,China,Location
2e93946c-0c34-477f-8797-23cd6f666664,China Hosts Global Foreign Investment Summit to Boost Economic Cooperation,China,Location,1165,1170,0.9282328486442566,True,China,Location
2e93946c-0c34-477f-8797-23cd6f666664,China Hosts Global Foreign Investment Summit to Boost Economic Cooperation,China,Location,1776,1781,0.9282328486442566,True,China,Location
2e93946c-0c34-477f-8797-23cd6f666664,China Hosts Global Foreign Investment Summit to Boost Economic Cooperation,China,Location,2778,2783,0.9282328486442566,True,China,Location
2e93946c-0c34-477f-8797-23cd6f666664,China Hosts Global Foreign Investment Summit to Boost Economic Cooperation,China,Location,3124,3129,0.9282328486442566,True,China,Location
2e93946c-0c34-477f-8797-23cd6f666664,China Hosts Global Foreign Investment Summit to Boost Economic Cooperation,Shanghai,Location,37,45,0.9862446188926697,True,Shanghai,Location
2e93946c-0c34-477f-8797-23cd6f666664,China Hosts Global Foreign Investment Summit to Boost Economic Cooperation,Shanghai,Location,138,146,0.9862446188926697,True,Shanghai,Location
2e93946c-0c34-477f-8797-23cd6f666664,China Hosts Global Foreign Investment Summit to Boost Economic Cooperation,Shanghai,Location,692,700,0.9862446188926697,True,Shanghai,Location
2e93946c-0c34-477f-8797-23cd6f666664,China Hosts Global Foreign Investment Summit to Boost Economic Cooperation,Shanghai,Location,2031,2039,0.9862446188926697,True,Shanghai,Location
2e93946c-0c34-477f-8797-23cd6f666664,China Hosts Global Foreign Investment Summit to Boost Economic Cooperation,Shanghai,Location,2173,2181,0.9862446188926697,True,Shanghai,Location
2e93946c-0c34-477f-8797-23cd6f666664,China Hosts Global Foreign Investment Summit to Boost Economic Cooperation,Shanghai,Location,3258,3266,0.9862446188926697,True,Shanghai,Location
4ebc2f39-0d4e-4494-ad8c-1d06d914e961,Germany Leads EU-Asia Trade Agreement Talks in Berlin,Berlin,Location,35,41,0.9659724235534668,True,Berlin,Location
4ebc2f39-0d4e-4494-ad8c-1d06d914e961,Germany Leads EU-Asia Trade Agreement Talks in Berlin,Berlin,Location,282,288,0.9659724235534668,True,Berlin,Location
4ebc2f39-0d4e-4494-ad8c-1d06d914e961,Germany Leads EU-Asia Trade Agreement Talks in Berlin,Berlin,Location,1105,1111,0.9659724235534668,True,Berlin,Location
4ebc2f39-0d4e-4494-ad8c-1d06d914e961,Germany Leads EU-Asia Trade Agreement Talks in Berlin,Berlin,Location,1306,1312,0.9659724235534668,True,Berlin,Location
4ebc2f39-0d4e-4494-ad8c-1d06d914e961,Germany Leads EU-Asia Trade Agreement Talks in Berlin,Olaf Scholz,Person,65,76,0.962674617767334,True,Olaf Scholz,Person
4ebc2f39-0d4e-4494-ad8c-1d06d914e961,Germany Leads EU-Asia Trade Agreement Talks in Berlin,Frank-Walter Steinmeier,Person,211,234,0.9555352926254272,True,Frank-Walter Steinmeier,Person
4ebc2f39-0d4e-4494-ad8c-1d06d914e961,Germany Leads EU-Asia Trade Agreement Talks in Berlin,Berlin,Location,35,41,0.9739251136779785,True,Berlin,Location
4ebc2f39-0d4e-4494-ad8c-1d06d914e961,Germany Leads EU-Asia Trade Agreement Talks in Berlin,Berlin,Location,282,288,0.9739251136779785,True,Berlin,Location
4ebc2f39-0d4e-4494-ad8c-1d06d914e961,Germany Leads EU-Asia Trade Agreement Talks in Berlin,Berlin,Location,1105,1111,0.9739251136779785,True,Berlin,Location
4ebc2f39-0d4e-4494-ad8c-1d06d914e961,Germany Leads EU-Asia Trade Agreement Talks in Berlin,Berlin,Location,1306,1312,0.9739251136779785,True,Berlin,Location
4ebc2f39-0d4e-4494-ad8c-1d06d914e961,Germany Leads EU-Asia Trade Agreement Talks in Berlin,Foreign Minister,Person,353,369,0.5490947365760803,False,,
4ebc2f39-0d4e-4494-ad8c-1d06d914e961,Germany Leads EU-Asia Trade Agreement Talks in Berlin,Annalena Baerbock,Person,370,387,0.9883312582969666,True,Annalena Baerbock,Person
4ebc2f39-0d4e-4494-ad8c-1d06d914e961,Germany Leads EU-Asia Trade Agreement Talks in Berlin,Hauptstadt,Location,150,160,0.777734637260437,True,Berlin,Location
4ebc2f39-0d4e-4494-ad8c-1d06d914e961,Germany Leads EU-Asia Trade Agreement Talks in Berlin,Hauptstadt,Location,448,458,0.777734637260437,True,Berlin,Location
4ebc2f39-0d4e-4494-ad8c-1d06d914e961,Germany Leads EU-Asia Trade Agreement Talks in Berlin,Hauptstadt,Location,1453,1463,0.777734637260437,True,Berlin,Location
4ebc2f39-0d4e-4494-ad8c-1d06d914e961,Germany Leads EU-Asia Trade Agreement Talks in Berlin,Bavaria,Location,473,480,0.9176567792892456,True,Bavaria,Location
4ebc2f39-0d4e-4494-ad8c-1d06d914e961,Germany Leads EU-Asia Trade Agreement Talks in Berlin,Bavaria,Location,1184,1191,0.9176567792892456,True,Bavaria,Location
4ebc2f39-0d4e-4494-ad8c-1d06d914e961,Germany Leads EU-Asia Trade Agreement Talks in Berlin,Siemens AG,Company,539,549,0.9679665565490723,True,Siemens AG,Company
4ebc2f39-0d4e-4494-ad8c-1d06d914e961,Germany Leads EU-Asia Trade Agreement Talks in Berlin,Münchner Konglomerat,Company,555,575,0.7052587270736694,False,,
4ebc2f39-0d4e-4494-ad8c-1d06d914e961,Germany Leads EU-Asia Trade Agreement Talks in Berlin,Roland Busch,Person,635,647,0.9647219777107239,False,,
4ebc2f39-0d4e-4494-ad8c-1d06d914e961,Germany Leads EU-Asia Trade Agreement Talks in Berlin,Volkswagen AG,Company,723,736,0.9702746272087097,True,Volkswagen AG,Company
4ebc2f39-0d4e-4494-ad8c-1d06d914e961,Germany Leads EU-Asia Trade Agreement Talks in Berlin,Wolfsburger Autohersteller,Company,742,768,0.7506735324859619,False,,
4ebc2f39-0d4e-4494-ad8c-1d06d914e961,Germany Leads EU-Asia Trade Agreement Talks in Berlin,Asia,Location,109,113,0.8039198517799377,False,,
4ebc2f39-0d4e-4494-ad8c-1d06d914e961,Germany Leads EU-Asia Trade Agreement Talks in Berlin,Asia,Location,604,608,0.8039198517799377,False,,
4ebc2f39-0d4e-4494-ad8c-1d06d914e961,Germany Leads EU-Asia Trade Agreement Talks in Berlin,Asia,Location,799,803,0.8039198517799377,False,,
4ebc2f39-0d4e-4494-ad8c-1d06d914e961,Germany Leads EU-Asia Trade Agreement Talks in Berlin,North Rhine-Westphalia,Location,809,831,0.8930511474609375,True,North Rhine-Westphalia,Location
4ebc2f39-0d4e-4494-ad8c-1d06d914e961,Germany Leads EU-Asia Trade Agreement Talks in Berlin,Oliver Blume,Person,837,849,0.9612061977386475,False,,
4ebc2f39-0d4e-4494-ad8c-1d06d914e961,Germany Leads EU-Asia Trade Agreement Talks in Berlin,VW,Company,858,860,0.815746009349823,True,Volkswagen AG,Company
4ebc2f39-0d4e-4494-ad8c-1d06d914e961,Germany Leads EU-Asia Trade Agreement Talks in Berlin,Germany,Location,900,907,0.7216671109199524,False,,
4ebc2f39-0d4e-4494-ad8c-1d06d914e961,Germany Leads EU-Asia Trade Agreement Talks in Berlin,Germany,Location,1329,1336,0.7216671109199524,False,,
4ebc2f39-0d4e-4494-ad8c-1d06d914e961,Germany Leads EU-Asia Trade Agreement Talks in Berlin,BASF SE,Company,927,934,0.9825857877731323,False,,
4ebc2f39-0d4e-4494-ad8c-1d06d914e961,Germany Leads EU-Asia Trade Agreement Talks in Berlin,Martin Brudermüller,Person,1014,1033,0.9492542147636414,False,,
4ebc2f39-0d4e-4494-ad8c-1d06d914e961,Germany Leads EU-Asia Trade Agreement Talks in Berlin,BASF,Company,927,931,0.9398546814918518,False,,
4ebc2f39-0d4e-4494-ad8c-1d06d914e961,Germany Leads EU-Asia Trade Agreement Talks in Berlin,BASF,Company,1046,1050,0.9398546814918518,False,,
4ebc2f39-0d4e-4494-ad8c-1d06d914e961,Germany Leads EU-Asia Trade Agreement Talks in Berlin,Berlin,Location,35,41,0.9473798274993896,True,Berlin,Location
4ebc2f39-0d4e-4494-ad8c-1d06d914e961,Germany Leads EU-Asia Trade Agreement Talks in Berlin,Berlin,Location,282,288,0.9473798274993896,True,Berlin,Location
4ebc2f39-0d4e-4494-ad8c-1d06d914e961,Germany Leads EU-Asia Trade Agreement Talks in Berlin,Berlin,Location,1105,1111,0.9473798274993896,True,Berlin,Location
4ebc2f39-0d4e-4494-ad8c-1d06d914e961,Germany Leads EU-Asia Trade Agreement Talks in Berlin,Berlin,Location,1306,1312,0.9473798274993896,True,Berlin,Location
4ebc2f39-0d4e-4494-ad8c-1d06d914e961,Germany Leads EU-Asia Trade Agreement Talks in Berlin,Munich,Location,1161,1167,0.9694560170173645,False,,
4ebc2f39-0d4e-4494-ad8c-1d06d914e961,Germany Leads EU-Asia Trade Agreement Talks in Berlin,Munich,Location,1468,1474,0.9694560170173645,False,,
4ebc2f39-0d4e-4494-ad8c-1d06d914e961,Germany Leads EU-Asia Trade Agreement Talks in Berlin,Düsseldorf,Location,1172,1182,0.9667831063270569,False,,
4ebc2f39-0d4e-4494-ad8c-1d06d914e961,Germany Leads EU-Asia Trade Agreement Talks in Berlin,Bavaria,Location,473,480,0.8525120615959167,True,Bavaria,Location
4ebc2f39-0d4e-4494-ad8c-1d06d914e961,Germany Leads EU-Asia Trade Agreement Talks in Berlin,Bavaria,Location,1184,1191,0.8525120615959167,True,Bavaria,Location
4ebc2f39-0d4e-4494-ad8c-1d06d914e961,Germany Leads EU-Asia Trade Agreement Talks in Berlin,NRW,Location,1196,1199,0.8862540125846863,True,North Rhine-Westphalia,Location
4ebc2f39-0d4e-4494-ad8c-1d06d914e961,Germany Leads EU-Asia Trade Agreement Talks in Berlin,Steinmeier,Person,224,234,0.9930429458618164,True,Frank-Walter Steinmeier,Person
4ebc2f39-0d4e-4494-ad8c-1d06d914e961,Germany Leads EU-Asia Trade Agreement Talks in Berlin,Steinmeier,Person,1243,1253,0.9930429458618164,True,Frank-Walter Steinmeier,Person
4ebc2f39-0d4e-4494-ad8c-1d06d914e961,Germany Leads EU-Asia Trade Agreement Talks in Berlin,Berlin,Location,35,41,0.9681698679924011,True,Berlin,Location
4ebc2f39-0d4e-4494-ad8c-1d06d914e961,Germany Leads EU-Asia Trade Agreement Talks in Berlin,Berlin,Location,282,288,0.9681698679924011,True,Berlin,Location
4ebc2f39-0d4e-4494-ad8c-1d06d914e961,Germany Leads EU-Asia Trade Agreement Talks in Berlin,Berlin,Location,1105,1111,0.9681698679924011,True,Berlin,Location
4ebc2f39-0d4e-4494-ad8c-1d06d914e961,Germany Leads EU-Asia Trade Agreement Talks in Berlin,Berlin,Location,1306,1312,0.9681698679924011,True,Berlin,Location
4ebc2f39-0d4e-4494-ad8c-1d06d914e961,Germany Leads EU-Asia Trade Agreement Talks in Berlin,Hauptstadt,Location,150,160,0.5985714793205261,True,Berlin,Location
4ebc2f39-0d4e-4494-ad8c-1d06d914e961,Germany Leads EU-Asia Trade Agreement Talks in Berlin,Hauptstadt,Location,448,458,0.5985714793205261,True,Berlin,Location
4ebc2f39-0d4e-4494-ad8c-1d06d914e961,Germany Leads EU-Asia Trade Agreement Talks in Berlin,Hauptstadt,Location,1453,1463,0.5985714793205261,True,Berlin,Location
4ebc2f39-0d4e-4494-ad8c-1d06d914e961,Germany Leads EU-Asia Trade Agreement Talks in Berlin,Munich,Location,1161,1167,0.9604904055595398,False,,
4ebc2f39-0d4e-4494-ad8c-1d06d914e961,Germany Leads EU-Asia Trade Agreement Talks in Berlin,Munich,Location,1468,1474,0.9604904055595398,False,,
4ebc2f39-0d4e-4494-ad8c-1d06d914e961,Germany Leads EU-Asia Trade Agreement Talks in Berlin,Frankfurt,Location,1511,1520,0.9618389010429382,False,,
ca2be5f7-51a0-46f6-b04f-863a06eb4d8f,Germany Boosts Renewable Energy Investment for Green Transition,Berlin,Location,57,63,0.9685109853744507,True,Berlin,Location
ca2be5f7-51a0-46f6-b04f-863a06eb4d8f,Germany Boosts Renewable Energy Investment for Green Transition,Berlin,Location,333,339,0.9685109853744507,True,Berlin,Location
ca2be5f7-51a0-46f6-b04f-863a06eb4d8f,Germany Boosts Renewable Energy Investment for Green Transition,Berlin,Location,1130,1136,0.9685109853744507,True,Berlin,Location
ca2be5f7-51a0-46f6-b04f-863a06eb4d8f,Germany Boosts Renewable Energy Investment for Green Transition,Berlin,Location,1336,1342,0.9685109853744507,True,Berlin,Location
ca2be5f7-51a0-46f6-b04f-863a06eb4d8f,Germany Boosts Renewable Energy Investment for Green Transition,Olaf Scholz,Person,87,98,0.9583846926689148,True,Olaf Scholz,Person
ca2be5f7-51a0-46f6-b04f-863a06eb4d8f,Germany Boosts Renewable Energy Investment for Green Transition,Frank-Walter Steinmeier,Person,255,278,0.9587079286575317,True,Frank-Walter Steinmeier,Person
ca2be5f7-51a0-46f6-b04f-863a06eb4d8f,Germany Boosts Renewable Energy Investment for Green Transition,Berlin,Location,57,63,0.9748822450637817,True,Berlin,Location
ca2be5f7-51a0-46f6-b04f-863a06eb4d8f,Germany Boosts Renewable Energy Investment for Green Transition,Berlin,Location,333,339,0.9748822450637817,True,Berlin,Location
ca2be5f7-51a0-46f6-b04f-863a06eb4d8f,Germany Boosts Renewable Energy Investment for Green Transition,Berlin,Location,1130,1136,0.9748822450637817,True,Berlin,Location
ca2be5f7-51a0-46f6-b04f-863a06eb4d8f,Germany Boosts Renewable Energy Investment for Green Transition,Berlin,Location,1336,1342,0.9748822450637817,True,Berlin,Location
ca2be5f7-51a0-46f6-b04f-863a06eb4d8f,Germany Boosts Renewable Energy Investment for Green Transition,Foreign Minister,Person,412,428,0.5776442289352417,False,,
ca2be5f7-51a0-46f6-b04f-863a06eb4d8f,Germany Boosts Renewable Energy Investment for Green Transition,Annalena Baerbock,Person,429,446,0.9869757294654846,True,Annalena Baerbock,Person
ca2be5f7-51a0-46f6-b04f-863a06eb4d8f,Germany Boosts Renewable Energy Investment for Green Transition,Hauptstadt,Location,184,194,0.7894031405448914,True,Berlin,Location
ca2be5f7-51a0-46f6-b04f-863a06eb4d8f,Germany Boosts Renewable Energy Investment for Green Transition,Hauptstadt,Location,507,517,0.7894031405448914,True,Berlin,Location
ca2be5f7-51a0-46f6-b04f-863a06eb4d8f,Germany Boosts Renewable Energy Investment for Green Transition,Hauptstadt,Location,1469,1479,0.7894031405448914,True,Berlin,Location
ca2be5f7-51a0-46f6-b04f-863a06eb4d8f,Germany Boosts Renewable Energy Investment for Green Transition,Bavaria,Location,538,545,0.9127721786499023,True,Bavaria,Location
ca2be5f7-51a0-46f6-b04f-863a06eb4d8f,Germany Boosts Renewable Energy Investment for Green Transition,Bavaria,Location,840,847,0.9127721786499023,True,Bavaria,Location
ca2be5f7-51a0-46f6-b04f-863a06eb4d8f,Germany Boosts Renewable Energy Investment for Green Transition,Bavaria,Location,1215,1222,0.9127721786499023,True,Bavaria,Location
ca2be5f7-51a0-46f6-b04f-863a06eb4d8f,Germany Boosts Renewable Energy Investment for Green Transition,Siemens AG,Company,599,609,0.9788731336593628,True,Siemens AG,Company
ca2be5f7-51a0-46f6-b04f-863a06eb4d8f,Germany Boosts Renewable Energy Investment for Green Transition,Münchner Konglomerat,Company,615,635,0.7838931679725647,False,,
ca2be5f7-51a0-46f6-b04f-863a06eb4d8f,Germany Boosts Renewable Energy Investment for Green Transition,North Rhine-Westphalia,Location,662,684,0.9498878717422485,True,North Rhine-Westphalia,Location
ca2be5f7-51a0-46f6-b04f-863a06eb4d8f,Germany Boosts Renewable Energy Investment for Green Transition,Roland Busch,Person,695,707,0.9684379696846008,False,,
ca2be5f7-51a0-46f6-b04f-863a06eb4d8f,Germany Boosts Renewable Energy Investment for Green Transition,RWE AG,Company,776,782,0.981389582157135,False,,
ca2be5f7-51a0-46f6-b04f-863a06eb4d8f,Germany Boosts Renewable Energy Investment for Green Transition,Essener Energieriese,Company,788,808,0.576727032661438,False,,
ca2be5f7-51a0-46f6-b04f-863a06eb4d8f,Germany Boosts Renewable Energy Investment for Green Transition,Bavaria,Location,538,545,0.9551326036453247,True,Bavaria,Location
ca2be5f7-51a0-46f6-b04f-863a06eb4d8f,Germany Boosts Renewable Energy Investment for Green Transition,Bavaria,Location,840,847,0.9551326036453247,True,Bavaria,Location
ca2be5f7-51a0-46f6-b04f-863a06eb4d8f,Germany Boosts Renewable Energy Investment for Green Transition,Bavaria,Location,1215,1222,0.9551326036453247,True,Bavaria,Location
ca2be5f7-51a0-46f6-b04f-863a06eb4d8f,Germany Boosts Renewable Energy Investment for Green Transition,Markus Krebber,Person,876,890,0.9483913779258728,False,,
ca2be5f7-51a0-46f6-b04f-863a06eb4d8f,Germany Boosts Renewable Energy Investment for Green Transition,RWE,Company,776,779,0.8775349855422974,False,,
ca2be5f7-51a0-46f6-b04f-863a06eb4d8f,Germany Boosts Renewable Energy Investment for Green Transition,RWE,Company,902,905,0.8775349855422974,False,,
ca2be5f7-51a0-46f6-b04f-863a06eb4d8f,Germany Boosts Renewable Energy Investment for Green Transition,Germany,Location,209,216,0.5828912258148193,False,,
ca2be5f7-51a0-46f6-b04f-863a06eb4d8f,Germany Boosts Renewable Energy Investment for Green Transition,Germany,Location,934,941,0.5828912258148193,False,,
ca2be5f7-51a0-46f6-b04f-863a06eb4d8f,Germany Boosts Renewable Energy Investment for Green Transition,Germany,Location,1362,1369,0.5828912258148193,False,,
ca2be5f7-51a0-46f6-b04f-863a06eb4d8f,Germany Boosts Renewable Energy Investment for Green Transition,BMW Group,Company,963,972,0.9728326201438904,True,BMW Group,Company
ca2be5f7-51a0-46f6-b04f-863a06eb4d8f,Germany Boosts Renewable Energy Investment for Green Transition,Düsseldorf,Location,1032,1042,0.9829786419868469,False,,
ca2be5f7-51a0-46f6-b04f-863a06eb4d8f,Germany Boosts Renewable Energy Investment for Green Transition,Oliver Zipse,Person,1053,1065,0.9487975835800171,False,,
ca2be5f7-51a0-46f6-b04f-863a06eb4d8f,Germany Boosts Renewable Energy Investment for Green Transition,BMW,Company,963,966,0.9592909812927246,True,BMW Group,Company
ca2be5f7-51a0-46f6-b04f-863a06eb4d8f,Germany Boosts Renewable Energy Investment for Green Transition,BMW,Company,1075,1078,0.9592909812927246,True,BMW Group,Company
ca2be5f7-51a0-46f6-b04f-863a06eb4d8f,Germany Boosts Renewable Energy Investment for Green Transition,Berlin,Location,57,63,0.9548625946044922,True,Berlin,Location
ca2be5f7-51a0-46f6-b04f-863a06eb4d8f,Germany Boosts Renewable Energy Investment for Green Transition,Berlin,Location,333,339,0.9548625946044922,True,Berlin,Location
ca2be5f7-51a0-46f6-b04f-863a06eb4d8f,Germany Boosts Renewable Energy Investment for Green Transition,Berlin,Location,1130,1136,0.9548625946044922,True,Berlin,Location
ca2be5f7-51a0-46f6-b04f-863a06eb4d8f,Germany Boosts Renewable Energy Investment for Green Transition,Berlin,Location,1336,1342,0.9548625946044922,True,Berlin,Location
ca2be5f7-51a0-46f6-b04f-863a06eb4d8f,Germany Boosts Renewable Energy Investment for Green Transition,Federal Renewable Energy Agency,Company,1147,1178,0.6243926882743835,False,,
ca2be5f7-51a0-46f6-b04f-863a06eb4d8f,Germany Boosts Renewable Energy Investment for Green Transition,Munich,Location,1197,1203,0.961457371711731,False,,
ca2be5f7-51a0-46f6-b04f-863a06eb4d8f,Germany Boosts Renewable Energy Investment for Green Transition,Munich,Location,1484,1490,0.961457371711731,False,,
ca2be5f7-51a0-46f6-b04f-863a06eb4d8f,Germany Boosts Renewable Energy Investment for Green Transition,Essen,Location,788,793,0.9624788761138916,False,,
ca2be5f7-51a0-46f6-b04f-863a06eb4d8f,Germany Boosts Renewable Energy Investment for Green Transition,Essen,Location,1208,1213,0.9624788761138916,False,,
ca2be5f7-51a0-46f6-b04f-863a06eb4d8f,Germany Boosts Renewable Energy Investment for Green Transition,Bavaria,Location,538,545,0.8494715690612793,True,Bavaria,Location
ca2be5f7-51a0-46f6-b04f-863a06eb4d8f,Germany Boosts Renewable Energy Investment for Green Transition,Bavaria,Location,840,847,0.8494715690612793,True,Bavaria,Location
ca2be5f7-51a0-46f6-b04f-863a06eb4d8f,Germany Boosts Renewable Energy Investment for Green Transition,Bavaria,Location,1215,1222,0.8494715690612793,True,Bavaria,Location
ca2be5f7-51a0-46f6-b04f-863a06eb4d8f,Germany Boosts Renewable Energy Investment for Green Transition,NRW,Location,1227,1230,0.8676581382751465,True,North Rhine-Westphalia,Location
ca2be5f7-51a0-46f6-b04f-863a06eb4d8f,Germany Boosts Renewable Energy Investment for Green Transition,Steinmeier,Person,268,278,0.9918712377548218,True,Frank-Walter Steinmeier,Person
ca2be5f7-51a0-46f6-b04f-863a06eb4d8f,Germany Boosts Renewable Energy Investment for Green Transition,Steinmeier,Person,1277,1287,0.9918712377548218,True,Frank-Walter Steinmeier,Person
ca2be5f7-51a0-46f6-b04f-863a06eb4d8f,Germany Boosts Renewable Energy Investment for Green Transition,Berlin,Location,57,63,0.9667953848838806,True,Berlin,Location
ca2be5f7-51a0-46f6-b04f-863a06eb4d8f,Germany Boosts Renewable Energy Investment for Green Transition,Berlin,Location,333,339,0.9667953848838806,True,Berlin,Location
ca2be5f7-51a0-46f6-b04f-863a06eb4d8f,Germany Boosts Renewable Energy Investment for Green Transition,Berlin,Location,1130,1136,0.9667953848838806,True,Berlin,Location
ca2be5f7-51a0-46f6-b04f-863a06eb4d8f,Germany Boosts Renewable Energy Investment for Green Transition,Berlin,Location,1336,1342,0.9667953848838806,True,Berlin,Location
ca2be5f7-51a0-46f6-b04f-863a06eb4d8f,Germany Boosts Renewable Energy Investment for Green Transition,Hauptstadt,Location,184,194,0.6037337183952332,True,Berlin,Location
ca2be5f7-51a0-46f6-b04f-863a06eb4d8f,Germany Boosts Renewable Energy Investment for Green Transition,Hauptstadt,Location,507,517,0.6037337183952332,True,Berlin,Location
ca2be5f7-51a0-46f6-b04f-863a06eb4d8f,Germany Boosts Renewable Energy Investment for Green Transition,Hauptstadt,Location,1469,1479,0.6037337183952332,True,Berlin,Location
ca2be5f7-51a0-46f6-b04f-863a06eb4d8f,Germany Boosts Renewable Energy Investment for Green Transition,Munich,Location,1197,1203,0.9597911238670349,False,,
ca2be5f7-51a0-46f6-b04f-863a06eb4d8f,Germany Boosts Renewable Energy Investment for Green Transition,Munich,Location,1484,1490,0.9597911238670349,False,,
ca2be5f7-51a0-46f6-b04f-863a06eb4d8f,Germany Boosts Renewable Energy Investment for Green Transition,Frankfurt,Location,0,9,0.9637365937232971,False,,
ca2be5f7-51a0-46f6-b04f-863a06eb4d8f,Germany Boosts Renewable Energy Investment for Green Transition,Frankfurt,Location,1532,1541,0.9637365937232971,False,,
667ad81e-0750-43b4-890b-f1b327e89a3e,Germany Unveils Education Reform to Boost Digital Learning,Berlin,Location,43,49,0.9584219455718994,True,Berlin,Location
667ad81e-0750-43b4-890b-f1b327e89a3e,Germany Unveils Education Reform to Boost Digital Learning,Berlin,Location,290,296,0.9584219455718994,True,Berlin,Location
667ad81e-0750-43b4-890b-f1b327e89a3e,Germany Unveils Education Reform to Boost Digital Learning,Berlin,Location,1126,1132,0.9584219455718994,True,Berlin,Location
667ad81e-0750-43b4-890b-f1b327e89a3e,Germany Unveils Education Reform to Boost Digital Learning,Berlin,Location,1345,1351,0.9584219455718994,True,Berlin,Location
667ad81e-0750-43b4-890b-f1b327e89a3e,Germany Unveils Education Reform to Boost Digital Learning,Berlin,Location,1537,1543,0.9584219455718994,True,Berlin,Location
667ad81e-0750-43b4-890b-f1b327e89a3e,Germany Unveils Education Reform to Boost Digital Learning,Olaf Scholz,Person,70,81,0.9536824226379395,True,Olaf Scholz,Person
667ad81e-0750-43b4-890b-f1b327e89a3e,Germany Unveils Education Reform to Boost Digital Learning,Frank-Walter Steinmeier,Person,226,249,0.9457262754440308,True,Frank-Walter Steinmeier,Person
667ad81e-0750-43b4-890b-f1b327e89a3e,Germany Unveils Education Reform to Boost Digital Learning,Berlin,Location,43,49,0.9665416479110718,True,Berlin,Location
667ad81e-0750-43b4-890b-f1b327e89a3e,Germany Unveils Education Reform to Boost Digital Learning,Berlin,Location,290,296,0.9665416479110718,True,Berlin,Location
667ad81e-0750-43b4-890b-f1b327e89a3e,Germany Unveils Education Reform to Boost Digital Learning,Berlin,Location,1126,1132,0.9665416479110718,True,Berlin,Location
667ad81e-0750-43b4-890b-f1b327e89a3e,Germany Unveils Education Reform to Boost Digital Learning,Berlin,Location,1345,1351,0.9665416479110718,True,Berlin,Location
667ad81e-0750-43b4-890b-f1b327e89a3e,Germany Unveils Education Reform to Boost Digital Learning,Berlin,Location,1537,1543,0.9665416479110718,True,Berlin,Location
667ad81e-0750-43b4-890b-f1b327e89a3e,Germany Unveils Education Reform to Boost Digital Learning,Foreign Minister,Person,365,381,0.6707587242126465,False,,
667ad81e-0750-43b4-890b-f1b327e89a3e,Germany Unveils Education Reform to Boost Digital Learning,Annalena Baerbock,Person,382,399,0.9848384857177734,True,Annalena Baerbock,Person
667ad81e-0750-43b4-890b-f1b327e89a3e,Germany Unveils Education Reform to Boost Digital Learning,Hauptstadt,Location,145,155,0.6412022709846497,True,Berlin,Location
667ad81e-0750-43b4-890b-f1b327e89a3e,Germany Unveils Education Reform to Boost Digital Learning,Hauptstadt,Location,462,472,0.6412022709846497,True,Berlin,Location
667ad81e-0750-43b4-890b-f1b327e89a3e,Germany Unveils Education Reform to Boost Digital Learning,Hauptstadt,Location,1485,1495,0.6412022709846497,True,Berlin,Location
667ad81e-0750-43b4-890b-f1b327e89a3e,Germany Unveils Education Reform to Boost Digital Learning,Bavaria,Location,488,495,0.8872621655464172,True,Bavaria,Location
667ad81e-0750-43b4-890b-f1b327e89a3e,Germany Unveils Education Reform to Boost Digital Learning,Bavaria,Location,850,857,0.8872621655464172,True,Bavaria,Location
667ad81e-0750-43b4-890b-f1b327e89a3e,Germany Unveils Education Reform to Boost Digital Learning,Bavaria,Location,1220,1227,0.8872621655464172,True,Bavaria,Location
667ad81e-0750-43b4-890b-f1b327e89a3e,Germany Unveils Education Reform to Boost Digital Learning,SAP SE,Company,556,562,0.9798874855041504,False,,
667ad81e-0750-43b4-890b-f1b327e89a3e,Germany Unveils Education Reform to Boost Digital Learning,North Rhine-Westphalia,Location,633,655,0.8646212220191956,True,North Rhine-Westphalia,Location
667ad81e-0750-43b4-890b-f1b327e89a3e,Germany Unveils Education Reform to Boost Digital Learning,Christian Klein,Person,671,686,0.9809566736221313,False,,
667ad81e-0750-43b4-890b-f1b327e89a3e,Germany Unveils Education Reform to Boost Digital Learning,SAP,Company,556,559,0.9329733848571777,False,,
667ad81e-0750-43b4-890b-f1b327e89a3e,Germany Unveils Education Reform to Boost Digital Learning,SAP,Company,696,699,0.9329733848571777,False,,
667ad81e-0750-43b4-890b-f1b327e89a3e,Germany Unveils Education Reform to Boost Digital Learning,Germany,Location,111,118,0.8079975843429565,False,,
667ad81e-0750-43b4-890b-f1b327e89a3e,Germany Unveils Education Reform to Boost Digital Learning,Germany,Location,742,749,0.8079975843429565,False,,
667ad81e-0750-43b4-890b-f1b327e89a3e,Germany Unveils Education Reform to Boost Digital Learning,Germany,Location,1092,1099,0.8079975843429565,False,,
667ad81e-0750-43b4-890b-f1b327e89a3e,Germany Unveils Education Reform to Boost Digital Learning,Germany,Location,1371,1378,0.8079975843429565,False,,
667ad81e-0750-43b4-890b-f1b327e89a3e,Germany Unveils Education Reform to Boost Digital Learning,Siemens AG,Company,765,775,0.9664259552955627,True,Siemens AG,Company
667ad81e-0750-43b4-890b-f1b327e89a3e,Germany Unveils Education Reform to Boost Digital Learning,Bavaria,Location,488,495,0.9541861414909363,True,Bavaria,Location
667ad81e-0750-43b4-890b-f1b327e89a3e,Germany Unveils Education Reform to Boost Digital Learning,Bavaria,Location,850,857,0.9541861414909363,True,Bavaria,Location
667ad81e-0750-43b4-890b-f1b327e89a3e,Germany Unveils Education Reform to Boost Digital Learning,Bavaria,Location,1220,1227,0.9541861414909363,True,Bavaria,Location
667ad81e-0750-43b4-890b-f1b327e89a3e,Germany Unveils Education Reform to Boost Digital Learning,Roland Busch,Person,863,875,0.9505459666252136,False,,
667ad81e-0750-43b4-890b-f1b327e89a3e,Germany Unveils Education Reform to Boost Digital Learning,Bertelsmann SE,Company,944,958,0.9853531718254089,False,,
667ad81e-0750-43b4-890b-f1b327e89a3e,Germany Unveils Education Reform to Boost Digital Learning,Thomas Rabe,Person,1030,1041,0.9464777708053589,False,,
667ad81e-0750-43b4-890b-f1b327e89a3e,Germany Unveils Education Reform to Boost Digital Learning,Bertelsmann,Company,944,955,0.7547893524169922,False,,
667ad81e-0750-43b4-890b-f1b327e89a3e,Germany Unveils Education Reform to Boost Digital Learning,Bertelsmann,Company,1051,1062,0.7547893524169922,False,,
667ad81e-0750-43b4-890b-f1b327e89a3e,Germany Unveils Education Reform to Boost Digital Learning,Germany,Location,111,118,0.5062894225120544,False,,
667ad81e-0750-43b4-890b-f1b327e89a3e,Germany Unveils Education Reform to Boost Digital Learning,Germany,Location,742,749,0.5062894225120544,False,,
667ad81e-0750-43b4-890b-f1b327e89a3e,Germany Unveils Education Reform to Boost Digital Learning,Germany,Location,1092,1099,0.5062894225120544,False,,
667ad81e-0750-43b4-890b-f1b327e89a3e,Germany Unveils Education Reform to Boost Digital Learning,Germany,Location,1371,1378,0.5062894225120544,False,,
667ad81e-0750-43b4-890b-f1b327e89a3e,Germany Unveils Education Reform to Boost Digital Learning,Berlin,Location,43,49,0.9609075784683228,True,Berlin,Location
667ad81e-0750-43b4-890b-f1b327e89a3e,Germany Unveils Education Reform to Boost Digital Learning,Berlin,Location,290,296,0.9609075784683228,True,Berlin,Location
667ad81e-0750-43b4-890b-f1b327e89a3e,Germany Unveils Education Reform to Boost Digital Learning,Berlin,Location,1126,1132,0.9609075784683228,True,Berlin,Location
667ad81e-0750-43b4-890b-f1b327e89a3e,Germany Unveils Education Reform to Boost Digital Learning,Berlin,Location,1345,1351,0.9609075784683228,True,Berlin,Location
667ad81e-0750-43b4-890b-f1b327e89a3e,Germany Unveils Education Reform to Boost Digital Learning,Berlin,Location,1537,1543,0.9609075784683228,True,Berlin,Location
667ad81e-0750-43b4-890b-f1b327e89a3e,Germany Unveils Education Reform to Boost Digital Learning,Munich,Location,1197,1203,0.9579207897186279,False,,
667ad81e-0750-43b4-890b-f1b327e89a3e,Germany Unveils Education Reform to Boost Digital Learning,Munich,Location,1548,1554,0.9579207897186279,False,,
667ad81e-0750-43b4-890b-f1b327e89a3e,Germany Unveils Education Reform to Boost Digital Learning,Düsseldorf,Location,1208,1218,0.9718500375747681,False,,
667ad81e-0750-43b4-890b-f1b327e89a3e,Germany Unveils Education Reform to Boost Digital Learning,Bavaria,Location,488,495,0.9243594408035278,True,Bavaria,Location
667ad81e-0750-43b4-890b-f1b327e89a3e,Germany Unveils Education Reform to Boost Digital Learning,Bavaria,Location,850,857,0.9243594408035278,True,Bavaria,Location
667ad81e-0750-43b4-890b-f1b327e89a3e,Germany Unveils Education Reform to Boost Digital Learning,Bavaria,Location,1220,1227,0.9243594408035278,True,Bavaria,Location
667ad81e-0750-43b4-890b-f1b327e89a3e,Germany Unveils Education Reform to Boost Digital Learning,NRW,Location,1232,1235,0.9600104689598083,True,North Rhine-Westphalia,Location
667ad81e-0750-43b4-890b-f1b327e89a3e,Germany Unveils Education Reform to Boost Digital Learning,Steinmeier,Person,239,249,0.9913870692253113,True,Frank-Walter Steinmeier,Person
667ad81e-0750-43b4-890b-f1b327e89a3e,Germany Unveils Education Reform to Boost Digital Learning,Steinmeier,Person,1284,1294,0.9913870692253113,True,Frank-Walter Steinmeier,Person
667ad81e-0750-43b4-890b-f1b327e89a3e,Germany Unveils Education Reform to Boost Digital Learning,Berlin,Location,43,49,0.990754246711731,True,Berlin,Location
667ad81e-0750-43b4-890b-f1b327e89a3e,Germany Unveils Education Reform to Boost Digital Learning,Berlin,Location,290,296,0.990754246711731,True,Berlin,Location
667ad81e-0750-43b4-890b-f1b327e89a3e,Germany Unveils Education Reform to Boost Digital Learning,Berlin,Location,1126,1132,0.990754246711731,True,Berlin,Location
667ad81e-0750-43b4-890b-f1b327e89a3e,Germany Unveils Education Reform to Boost Digital Learning,Berlin,Location,1345,1351,0.990754246711731,True,Berlin,Location
667ad81e-0750-43b4-890b-f1b327e89a3e,Germany Unveils Education Reform to Boost Digital Learning,Berlin,Location,1537,1543,0.990754246711731,True,Berlin,Location
667ad81e-0750-43b4-890b-f1b327e89a3e,Germany Unveils Education Reform to Boost Digital Learning,Berlin,Location,43,49,0.9891839027404785,True,Berlin,Location
667ad81e-0750-43b4-890b-f1b327e89a3e,Germany Unveils Education Reform to Boost Digital Learning,Berlin,Location,290,296,0.9891839027404785,True,Berlin,Location
667ad81e-0750-43b4-890b-f1b327e89a3e,Germany Unveils Education Reform to Boost Digital Learning,Berlin,Location,1126,1132,0.9891839027404785,True,Berlin,Location
667ad81e-0750-43b4-890b-f1b327e89a3e,Germany Unveils Education Reform to Boost Digital Learning,Berlin,Location,1345,1351,0.9891839027404785,True,Berlin,Location
667ad81e-0750-43b4-890b-f1b327e89a3e,Germany Unveils Education Reform to Boost Digital Learning,Berlin,Location,1537,1543,0.9891839027404785,True,Berlin,Location
667ad81e-0750-43b4-890b-f1b327e89a3e,Germany Unveils Education Reform to Boost Digital Learning,Munich,Location,1197,1203,0.974410891532898,False,,
667ad81e-0750-43b4-890b-f1b327e89a3e,Germany Unveils Education Reform to Boost Digital Learning,Munich,Location,1548,1554,0.974410891532898,False,,
667ad81e-0750-43b4-890b-f1b327e89a3e,Germany Unveils Education Reform to Boost Digital Learning,Frankfurt,Location,1593,1602,0.9717655777931213,False,,
949baaa2-1278-4ea8-b180-ba48cfdddd28,Germany Passes AI Governance Act to Ensure Ethical Technology Development,Berlin,Location,33,39,0.9600300192832947,True,Berlin,Location
949baaa2-1278-4ea8-b180-ba48cfdddd28,Germany Passes AI Governance Act to Ensure Ethical Technology Development,Berlin,Location,517,523,0.9600300192832947,True,Berlin,Location
949baaa2-1278-4ea8-b180-ba48cfdddd28,Germany Passes AI Governance Act to Ensure Ethical Technology Development,Berlin,Location,1163,1169,0.9600300192832947,True,Berlin,Location
949baaa2-1278-4ea8-b180-ba48cfdddd28,Germany Passes AI Governance Act to Ensure Ethical Technology Development,Berlin,Location,1544,1550,0.9600300192832947,True,Berlin,Location
949baaa2-1278-4ea8-b180-ba48cfdddd28,Germany Passes AI Governance Act to Ensure Ethical Technology Development,German Bundestag,Location,54,70,0.6265823841094971,False,,
949baaa2-1278-4ea8-b180-ba48cfdddd28,Germany Passes AI Governance Act to Ensure Ethical Technology Development,Olaf Scholz,Person,90,101,0.9654702544212341,True,Olaf Scholz,Person
949baaa2-1278-4ea8-b180-ba48cfdddd28,Germany Passes AI Governance Act to Ensure Ethical Technology Development,Bundeskanzler,Person,236,249,0.5965968370437622,True,Olaf Scholz,Person
949baaa2-1278-4ea8-b180-ba48cfdddd28,Germany Passes AI Governance Act to Ensure Ethical Technology Development,Siemens AG,Company,292,302,0.9911597371101379,True,Siemens AG,Company
949baaa2-1278-4ea8-b180-ba48cfdddd28,Germany Passes AI Governance Act to Ensure Ethical Technology Development,Volkswagen AG,Company,307,320,0.9912277460098267,True,Volkswagen AG,Company
949baaa2-1278-4ea8-b180-ba48cfdddd28,Germany Passes AI Governance Act to Ensure Ethical Technology Development,Germany,Location,340,347,0.6662999391555786,False,,
949baaa2-1278-4ea8-b180-ba48cfdddd28,Germany Passes AI Governance Act to Ensure Ethical Technology Development,Germany,Location,1457,1464,0.6662999391555786,False,,
949baaa2-1278-4ea8-b180-ba48cfdddd28,Germany Passes AI Governance Act to Ensure Ethical Technology Development,Scholz,Person,95,101,0.8810334801673889,True,Olaf Scholz,Person
949baaa2-1278-4ea8-b180-ba48cfdddd28,Germany Passes AI Governance Act to Ensure Ethical Technology Development,Scholz,Person,389,395,0.8810334801673889,True,Olaf Scholz,Person
949baaa2-1278-4ea8-b180-ba48cfdddd28,Germany Passes AI Governance Act to Ensure Ethical Technology Development,Hauptstadt,Location,410,420,0.8432683944702148,True,Berlin,Location
949baaa2-1278-4ea8-b180-ba48cfdddd28,Germany Passes AI Governance Act to Ensure Ethical Technology Development,Annalena Baerbock,Person,440,457,0.9828776121139526,True,Annalena Baerbock,Person
949baaa2-1278-4ea8-b180-ba48cfdddd28,Germany Passes AI Governance Act to Ensure Ethical Technology Development,Berlin,Location,33,39,0.9160453081130981,True,Berlin,Location
949baaa2-1278-4ea8-b180-ba48cfdddd28,Germany Passes AI Governance Act to Ensure Ethical Technology Development,Berlin,Location,517,523,0.9160453081130981,True,Berlin,Location
949baaa2-1278-4ea8-b180-ba48cfdddd28,Germany Passes AI Governance Act to Ensure Ethical Technology Development,Berlin,Location,1163,1169,0.9160453081130981,True,Berlin,Location
949baaa2-1278-4ea8-b180-ba48cfdddd28,Germany Passes AI Governance Act to Ensure Ethical Technology Development,Berlin,Location,1544,1550,0.9160453081130981,True,Berlin,Location
949baaa2-1278-4ea8-b180-ba48cfdddd28,Germany Passes AI Governance Act to Ensure Ethical Technology Development,Bavaria,Location,602,609,0.8660343885421753,True,Bavaria,Location
949baaa2-1278-4ea8-b180-ba48cfdddd28,Germany Passes AI Governance Act to Ensure Ethical Technology Development,Bavaria,Location,1281,1288,0.8660343885421753,True,Bavaria,Location
949baaa2-1278-4ea8-b180-ba48cfdddd28,Germany Passes AI Governance Act to Ensure Ethical Technology Development,Siemens,Company,292,299,0.9798636436462402,True,Siemens AG,Company
949baaa2-1278-4ea8-b180-ba48cfdddd28,Germany Passes AI Governance Act to Ensure Ethical Technology Development,Siemens,Company,664,671,0.9798636436462402,True,Siemens AG,Company
949baaa2-1278-4ea8-b180-ba48cfdddd28,Germany Passes AI Governance Act to Ensure Ethical Technology Development,Roland Busch,Person,715,727,0.9753509163856506,False,,
949baaa2-1278-4ea8-b180-ba48cfdddd28,Germany Passes AI Governance Act to Ensure Ethical Technology Development,Volkswagen,Company,307,317,0.973042368888855,True,Volkswagen AG,Company
949baaa2-1278-4ea8-b180-ba48cfdddd28,Germany Passes AI Governance Act to Ensure Ethical Technology Development,Volkswagen,Company,827,837,0.973042368888855,True,Volkswagen AG,Company
949baaa2-1278-4ea8-b180-ba48cfdddd28,Germany Passes AI Governance Act to Ensure Ethical Technology Development,Wolfsburg-based,Location,843,858,0.7160763144493103,False,,
949baaa2-1278-4ea8-b180-ba48cfdddd28,Germany Passes AI Governance Act to Ensure Ethical Technology Development,North Rhine-Westphalia,Location,935,957,0.8905990123748779,True,North Rhine-Westphalia,Location
949baaa2-1278-4ea8-b180-ba48cfdddd28,Germany Passes AI Governance Act to Ensure Ethical Technology Development,Oliver Blume,Person,963,975,0.9030137658119202,False,,
949baaa2-1278-4ea8-b180-ba48cfdddd28,Germany Passes AI Governance Act to Ensure Ethical Technology Development,VW,Company,1008,1010,0.9769545793533325,True,Volkswagen AG,Company
949baaa2-1278-4ea8-b180-ba48cfdddd28,Germany Passes AI Governance Act to Ensure Ethical Technology Development,Frank-Walter Steinmeier,Person,1053,1076,0.9744361639022827,True,Frank-Walter Steinmeier,Person
949baaa2-1278-4ea8-b180-ba48cfdddd28,Germany Passes AI Governance Act to Ensure Ethical Technology Development,Berlin,Location,33,39,0.9616852402687073,True,Berlin,Location
949baaa2-1278-4ea8-b180-ba48cfdddd28,Germany Passes AI Governance Act to Ensure Ethical Technology Development,Berlin,Location,517,523,0.9616852402687073,True,Berlin,Location
949baaa2-1278-4ea8-b180-ba48cfdddd28,Germany Passes AI Governance Act to Ensure Ethical Technology Development,Berlin,Location,1163,1169,0.9616852402687073,True,Berlin,Location
949baaa2-1278-4ea8-b180-ba48cfdddd28,Germany Passes AI Governance Act to Ensure Ethical Technology Development,Berlin,Location,1544,1550,0.9616852402687073,True,Berlin,Location
949baaa2-1278-4ea8-b180-ba48cfdddd28,Germany Passes AI Governance Act to Ensure Ethical Technology Development,Munich,Location,637,643,0.9407603740692139,False,,
949baaa2-1278-4ea8-b180-ba48cfdddd28,Germany Passes AI Governance Act to Ensure Ethical Technology Development,Munich,Location,1258,1264,0.9407603740692139,False,,
949baaa2-1278-4ea8-b180-ba48cfdddd28,Germany Passes AI Governance Act to Ensure Ethical Technology Development,Düsseldorf,Location,1269,1279,0.9728220105171204,False,,
949baaa2-1278-4ea8-b180-ba48cfdddd28,Germany Passes AI Governance Act to Ensure Ethical Technology Development,Bavaria,Location,602,609,0.907572865486145,True,Bavaria,Location
949baaa2-1278-4ea8-b180-ba48cfdddd28,Germany Passes AI Governance Act to Ensure Ethical Technology Development,Bavaria,Location,1281,1288,0.907572865486145,True,Bavaria,Location
949baaa2-1278-4ea8-b180-ba48cfdddd28,Germany Passes AI Governance Act to Ensure Ethical Technology Development,NRW,Location,1293,1296,0.9508610963821411,True,North Rhine-Westphalia,Location
949baaa2-1278-4ea8-b180-ba48cfdddd28,Germany Passes AI Governance Act to Ensure Ethical Technology Development,Germany,Location,340,347,0.603526771068573,False,,
949baaa2-1278-4ea8-b180-ba48cfdddd28,Germany Passes AI Governance Act to Ensure Ethical Technology Development,Germany,Location,1457,1464,0.603526771068573,False,,
949baaa2-1278-4ea8-b180-ba48cfdddd28,Germany Passes AI Governance Act to Ensure Ethical Technology Development,Analysts,Person,1494,1502,0.729551374912262,False,,
949baaa2-1278-4ea8-b180-ba48cfdddd28,Germany Passes AI Governance Act to Ensure Ethical Technology Development,Berlin,Location,33,39,0.9024419188499451,True,Berlin,Location
949baaa2-1278-4ea8-b180-ba48cfdddd28,Germany Passes AI Governance Act to Ensure Ethical Technology Development,Berlin,Location,517,523,0.9024419188499451,True,Berlin,Location
949baaa2-1278-4ea8-b180-ba48cfdddd28,Germany Passes AI Governance Act to Ensure Ethical Technology Development,Berlin,Location,1163,1169,0.9024419188499451,True,Berlin,Location
949baaa2-1278-4ea8-b180-ba48cfdddd28,Germany Passes AI Governance Act to Ensure Ethical Technology Development,Berlin,Location,1544,1550,0.9024419188499451,True,Berlin,Location
31f06ef2-b032-4466-9c83-314df3f95ae8,Germany Launches Green Future Initiative for Carbon Neutrality by 2045,Berlin,Location,55,61,0.9181105494499207,True,Berlin,Location
31f06ef2-b032-4466-9c83-314df3f95ae8,Germany Launches Green Future Initiative for Carbon Neutrality by 2045,Berlin,Location,495,501,0.9181105494499207,True,Berlin,Location
31f06ef2-b032-4466-9c83-314df3f95ae8,Germany Launches Green Future Initiative for Carbon Neutrality by 2045,Berlin,Location,1191,1197,0.9181105494499207,True,Berlin,Location
31f06ef2-b032-4466-9c83-314df3f95ae8,Germany Launches Green Future Initiative for Carbon Neutrality by 2045,Berlin,Location,1411,1417,0.9181105494499207,True,Berlin,Location
31f06ef2-b032-4466-9c83-314df3f95ae8,Germany Launches Green Future Initiative for Carbon Neutrality by 2045,Berlin,Location,1554,1560,0.9181105494499207,True,Berlin,Location
31f06ef2-b032-4466-9c83-314df3f95ae8,Germany Launches Green Future Initiative for Carbon Neutrality by 2045,Olaf Scholz,Person,83,94,0.9713522791862488,True,Olaf Scholz,Person
31f06ef2-b032-4466-9c83-314df3f95ae8,Germany Launches Green Future Initiative for Carbon Neutrality by 2045,Germany,Location,128,135,0.7706536650657654,False,,
31f06ef2-b032-4466-9c83-314df3f95ae8,Germany Launches Green Future Initiative for Carbon Neutrality by 2045,Germany,Location,1061,1068,0.7706536650657654,False,,
31f06ef2-b032-4466-9c83-314df3f95ae8,Germany Launches Green Future Initiative for Carbon Neutrality by 2045,Germany,Location,1442,1449,0.7706536650657654,False,,
31f06ef2-b032-4466-9c83-314df3f95ae8,Germany Launches Green Future Initiative for Carbon Neutrality by 2045,Germany,Location,1605,1612,0.7706536650657654,False,,
31f06ef2-b032-4466-9c83-314df3f95ae8,Germany Launches Green Future Initiative for Carbon Neutrality by 2045,Frank-Walter Steinmeier,Person,240,263,0.9570407867431641,True,Frank-Walter Steinmeier,Person
31f06ef2-b032-4466-9c83-314df3f95ae8,Germany Launches Green Future Initiative for Carbon Neutrality by 2045,Europe,Location,363,369,0.5358825325965881,False,,
31f06ef2-b032-4466-9c83-314df3f95ae8,Germany Launches Green Future Initiative for Carbon Neutrality by 2045,Hauptstadt,Location,395,405,0.650497555732727,True,Berlin,Location
31f06ef2-b032-4466-9c83-314df3f95ae8,Germany Launches Green Future Initiative for Carbon Neutrality by 2045,Foreign Minister,Person,408,424,0.6573959589004517,False,,
31f06ef2-b032-4466-9c83-314df3f95ae8,Germany Launches Green Future Initiative for Carbon Neutrality by 2045,Annalena Baerbock,Person,425,442,0.9756056070327759,True,Annalena Baerbock,Person
31f06ef2-b032-4466-9c83-314df3f95ae8,Germany Launches Green Future Initiative for Carbon Neutrality by 2045,Berlin,Location,55,61,0.9247951507568359,True,Berlin,Location
31f06ef2-b032-4466-9c83-314df3f95ae8,Germany Launches Green Future Initiative for Carbon Neutrality by 2045,Berlin,Location,495,501,0.9247951507568359,True,Berlin,Location
31f06ef2-b032-4466-9c83-314df3f95ae8,Germany Launches Green Future Initiative for Carbon Neutrality by 2045,Berlin,Location,1191,1197,0.9247951507568359,True,Berlin,Location
31f06ef2-b032-4466-9c83-314df3f95ae8,Germany Launches Green Future Initiative for Carbon Neutrality by 2045,Berlin,Location,1411,1417,0.9247951507568359,True,Berlin,Location
31f06ef2-b032-4466-9c83-314df3f95ae8,Germany Launches Green Future Initiative for Carbon Neutrality by 2045,Berlin,Location,1554,1560,0.9247951507568359,True,Berlin,Location
31f06ef2-b032-4466-9c83-314df3f95ae8,Germany Launches Green Future Initiative for Carbon Neutrality by 2045,Bavaria,Location,564,571,0.9230440855026245,True,Bavaria,Location
31f06ef2-b032-4466-9c83-314df3f95ae8,Germany Launches Green Future Initiative for Carbon Neutrality by 2045,Bavaria,Location,945,952,0.9230440855026245,True,Bavaria,Location
31f06ef2-b032-4466-9c83-314df3f95ae8,Germany Launches Green Future Initiative for Carbon Neutrality by 2045,Bavaria,Location,1299,1306,0.9230440855026245,True,Bavaria,Location
31f06ef2-b032-4466-9c83-314df3f95ae8,Germany Launches Green Future Initiative for Carbon Neutrality by 2045,Siemens AG,Company,673,683,0.9848954677581787,True,Siemens AG,Company
31f06ef2-b032-4466-9c83-314df3f95ae8,Germany Launches Green Future Initiative for Carbon Neutrality by 2045,North Rhine-Westphalia,Location,743,765,0.9042226076126099,True,North Rhine-Westphalia,Location
31f06ef2-b032-4466-9c83-314df3f95ae8,Germany Launches Green Future Initiative for Carbon Neutrality by 2045,North Rhine-Westphalia,Location,1272,1294,0.9042226076126099,True,North Rhine-Westphalia,Location
31f06ef2-b032-4466-9c83-314df3f95ae8,Germany Launches Green Future Initiative for Carbon Neutrality by 2045,Roland Busch,Person,771,783,0.9795939922332764,False,,
31f06ef2-b032-4466-9c83-314df3f95ae8,Germany Launches Green Future Initiative for Carbon Neutrality by 2045,Volkswagen AG,Company,855,868,0.9600033164024353,True,Volkswagen AG,Company
31f06ef2-b032-4466-9c83-314df3f95ae8,Germany Launches Green Future Initiative for Carbon Neutrality by 2045,Bavaria,Location,564,571,0.980769157409668,True,Bavaria,Location
31f06ef2-b032-4466-9c83-314df3f95ae8,Germany Launches Green Future Initiative for Carbon Neutrality by 2045,Bavaria,Location,945,952,0.980769157409668,True,Bavaria,Location
31f06ef2-b032-4466-9c83-314df3f95ae8,Germany Launches Green Future Initiative for Carbon Neutrality by 2045,Bavaria,Location,1299,1306,0.980769157409668,True,Bavaria,Location
31f06ef2-b032-4466-9c83-314df3f95ae8,Germany Launches Green Future Initiative for Carbon Neutrality by 2045,Oliver Blume,Person,998,1010,0.9806795120239258,False,,
31f06ef2-b032-4466-9c83-314df3f95ae8,Germany Launches Green Future Initiative for Carbon Neutrality by 2045,VW,Company,1019,1021,0.9636045098304749,True,Volkswagen AG,Company
31f06ef2-b032-4466-9c83-314df3f95ae8,Germany Launches Green Future Initiative for Carbon Neutrality by 2045,Germany,Location,128,135,0.7633458971977234,False,,
31f06ef2-b032-4466-9c83-314df3f95ae8,Germany Launches Green Future Initiative for Carbon Neutrality by 2045,Germany,Location,1061,1068,0.7633458971977234,False,,
31f06ef2-b032-4466-9c83-314df3f95ae8,Germany Launches Green Future Initiative for Carbon Neutrality by 2045,Germany,Location,1442,1449,0.7633458971977234,False,,
31f06ef2-b032-4466-9c83-314df3f95ae8,Germany Launches Green Future Initiative for Carbon Neutrality by 2045,Germany,Location,1605,1612,0.7633458971977234,False,,
31f06ef2-b032-4466-9c83-314df3f95ae8,Germany Launches Green Future Initiative for Carbon Neutrality by 2045,BMW Group,Company,1085,1094,0.9710310101509094,True,BMW Group,Company
31f06ef2-b032-4466-9c83-314df3f95ae8,Germany Launches Green Future Initiative for Carbon Neutrality by 2045,Munich,Location,689,695,0.979977011680603,False,,
31f06ef2-b032-4466-9c83-314df3f95ae8,Germany Launches Green Future Initiative for Carbon Neutrality by 2045,Munich,Location,1100,1106,0.979977011680603,False,,
31f06ef2-b032-4466-9c83-314df3f95ae8,Germany Launches Green Future Initiative for Carbon Neutrality by 2045,Munich,Location,1249,1255,0.979977011680603,False,,
31f06ef2-b032-4466-9c83-314df3f95ae8,Germany Launches Green Future Initiative for Carbon Neutrality by 2045,Bayern,Location,1160,1166,0.8538039326667786,True,Bavaria,Location
31f06ef2-b032-4466-9c83-314df3f95ae8,Germany Launches Green Future Initiative for Carbon Neutrality by 2045,Berlin,Location,55,61,0.9645801186561584,True,Berlin,Location
31f06ef2-b032-4466-9c83-314df3f95ae8,Germany Launches Green Future Initiative for Carbon Neutrality by 2045,Berlin,Location,495,501,0.9645801186561584,True,Berlin,Location
31f06ef2-b032-4466-9c83-314df3f95ae8,Germany Launches Green Future Initiative for Carbon Neutrality by 2045,Berlin,Location,1191,1197,0.9645801186561584,True,Berlin,Location
31f06ef2-b032-4466-9c83-314df3f95ae8,Germany Launches Green Future Initiative for Carbon Neutrality by 2045,Berlin,Location,1411,1417,0.9645801186561584,True,Berlin,Location
31f06ef2-b032-4466-9c83-314df3f95ae8,Germany Launches Green Future Initiative for Carbon Neutrality by 2045,Berlin,Location,1554,1560,0.9645801186561584,True,Berlin,Location
31f06ef2-b032-4466-9c83-314df3f95ae8,Germany Launches Green Future Initiative for Carbon Neutrality by 2045,Munich,Location,689,695,0.9786112904548645,False,,
31f06ef2-b032-4466-9c83-314df3f95ae8,Germany Launches Green Future Initiative for Carbon Neutrality by 2045,Munich,Location,1100,1106,0.9786112904548645,False,,
31f06ef2-b032-4466-9c83-314df3f95ae8,Germany Launches Green Future Initiative for Carbon Neutrality by 2045,Munich,Location,1249,1255,0.9786112904548645,False,,
31f06ef2-b032-4466-9c83-314df3f95ae8,Germany Launches Green Future Initiative for Carbon Neutrality by 2045,Düsseldorf,Location,1260,1270,0.9775307774543762,False,,
31f06ef2-b032-4466-9c83-314df3f95ae8,Germany Launches Green Future Initiative for Carbon Neutrality by 2045,North Rhine-Westphalia,Location,743,765,0.7733114957809448,True,North Rhine-Westphalia,Location
31f06ef2-b032-4466-9c83-314df3f95ae8,Germany Launches Green Future Initiative for Carbon Neutrality by 2045,North Rhine-Westphalia,Location,1272,1294,0.7733114957809448,True,North Rhine-Westphalia,Location
31f06ef2-b032-4466-9c83-314df3f95ae8,Germany Launches Green Future Initiative for Carbon Neutrality by 2045,Bavaria,Location,564,571,0.969126284122467,True,Bavaria,Location
31f06ef2-b032-4466-9c83-314df3f95ae8,Germany Launches Green Future Initiative for Carbon Neutrality by 2045,Bavaria,Location,945,952,0.969126284122467,True,Bavaria,Location
31f06ef2-b032-4466-9c83-314df3f95ae8,Germany Launches Green Future Initiative for Carbon Neutrality by 2045,Bavaria,Location,1299,1306,0.969126284122467,True,Bavaria,Location
31f06ef2-b032-4466-9c83-314df3f95ae8,Germany Launches Green Future Initiative for Carbon Neutrality by 2045,Steinmeier,Person,253,263,0.992559552192688,True,Frank-Walter Steinmeier,Person
31f06ef2-b032-4466-9c83-314df3f95ae8,Germany Launches Green Future Initiative for Carbon Neutrality by 2045,Steinmeier,Person,1353,1363,0.992559552192688,True,Frank-Walter Steinmeier,Person
31f06ef2-b032-4466-9c83-314df3f95ae8,Germany Launches Green Future Initiative for Carbon Neutrality by 2045,Berlin,Location,55,61,0.9833184480667114,True,Berlin,Location
31f06ef2-b032-4466-9c83-314df3f95ae8,Germany Launches Green Future Initiative for Carbon Neutrality by 2045,Berlin,Location,495,501,0.9833184480667114,True,Berlin,Location
31f06ef2-b032-4466-9c83-314df3f95ae8,Germany Launches Green Future Initiative for Carbon Neutrality by 2045,Berlin,Location,1191,1197,0.9833184480667114,True,Berlin,Location
31f06ef2-b032-4466-9c83-314df3f95ae8,Germany Launches Green Future Initiative for Carbon Neutrality by 2045,Berlin,Location,1411,1417,0.9833184480667114,True,Berlin,Location
31f06ef2-b032-4466-9c83-314df3f95ae8,Germany Launches Green Future Initiative for Carbon Neutrality by 2045,Berlin,Location,1554,1560,0.9833184480667114,True,Berlin,Location
31f06ef2-b032-4466-9c83-314df3f95ae8,Germany Launches Green Future Initiative for Carbon Neutrality by 2045,Germany,Location,128,135,0.8995921611785889,False,,
31f06ef2-b032-4466-9c83-314df3f95ae8,Germany Launches Green Future Initiative for Carbon Neutrality by 2045,Germany,Location,1061,1068,0.8995921611785889,False,,
31f06ef2-b032-4466-9c83-314df3f95ae8,Germany Launches Green Future Initiative for Carbon Neutrality by 2045,Germany,Location,1442,1449,0.8995921611785889,False,,
31f06ef2-b032-4466-9c83-314df3f95ae8,Germany Launches Green Future Initiative for Carbon Neutrality by 2045,Germany,Location,1605,1612,0.8995921611785889,False,,
31f06ef2-b032-4466-9c83-314df3f95ae8,Germany Launches Green Future Initiative for Carbon Neutrality by 2045,Berlin,Location,55,61,0.975601851940155,True,Berlin,Location
31f06ef2-b032-4466-9c83-314df3f95ae8,Germany Launches Green Future Initiative for Carbon Neutrality by 2045,Berlin,Location,495,501,0.975601851940155,True,Berlin,Location
31f06ef2-b032-4466-9c83-314df3f95ae8,Germany Launches Green Future Initiative for Carbon Neutrality by 2045,Berlin,Location,1191,1197,0.975601851940155,True,Berlin,Location
31f06ef2-b032-4466-9c83-314df3f95ae8,Germany Launches Green Future Initiative for Carbon Neutrality by 2045,Berlin,Location,1411,1417,0.975601851940155,True,Berlin,Location
31f06ef2-b032-4466-9c83-314df3f95ae8,Germany Launches Green Future Initiative for Carbon Neutrality by 2045,Berlin,Location,1554,1560,0.975601851940155,True,Berlin,Location
31f06ef2-b032-4466-9c83-314df3f95ae8,Germany Launches Green Future Initiative for Carbon Neutrality by 2045,Germany,Location,128,135,0.864635169506073,False,,
31f06ef2-b032-4466-9c83-314df3f95ae8,Germany Launches Green Future Initiative for Carbon Neutrality by 2045,Germany,Location,1061,1068,0.864635169506073,False,,
31f06ef2-b032-4466-9c83-314df3f95ae8,Germany Launches Green Future Initiative for Carbon Neutrality by 2045,Germany,Location,1442,1449,0.864635169506073,False,,
31f06ef2-b032-4466-9c83-314df3f95ae8,Germany Launches Green Future Initiative for Carbon Neutrality by 2045,Germany,Location,1605,1612,0.864635169506073,False,,
c8803496-2561-40b7-9e0b-57c3e884c74b,Germany Introduces Healthcare Reform to Enhance Digital and Rural Access,Berlin,Location,33,39,0.9627262353897095,True,Berlin,Location
c8803496-2561-40b7-9e0b-57c3e884c74b,Germany Introduces Healthcare Reform to Enhance Digital and Rural Access,Berlin,Location,266,272,0.9627262353897095,True,Berlin,Location
c8803496-2561-40b7-9e0b-57c3e884c74b,Germany Introduces Healthcare Reform to Enhance Digital and Rural Access,Berlin,Location,1183,1189,0.9627262353897095,True,Berlin,Location
c8803496-2561-40b7-9e0b-57c3e884c74b,Germany Introduces Healthcare Reform to Enhance Digital and Rural Access,Berlin,Location,1404,1410,0.9627262353897095,True,Berlin,Location
c8803496-2561-40b7-9e0b-57c3e884c74b,Germany Introduces Healthcare Reform to Enhance Digital and Rural Access,Berlin,Location,1537,1543,0.9627262353897095,True,Berlin,Location
c8803496-2561-40b7-9e0b-57c3e884c74b,Germany Introduces Healthcare Reform to Enhance Digital and Rural Access,Olaf Scholz,Person,61,72,0.9551974534988403,True,Olaf Scholz,Person
c8803496-2561-40b7-9e0b-57c3e884c74b,Germany Introduces Healthcare Reform to Enhance Digital and Rural Access,Frank-Walter Steinmeier,Person,204,227,0.9484450817108154,True,Frank-Walter Steinmeier,Person
c8803496-2561-40b7-9e0b-57c3e884c74b,Germany Introduces Healthcare Reform to Enhance Digital and Rural Access,Berlin,Location,33,39,0.9625450372695923,True,Berlin,Location
c8803496-2561-40b7-9e0b-57c3e884c74b,Germany Introduces Healthcare Reform to Enhance Digital and Rural Access,Berlin,Location,266,272,0.9625450372695923,True,Berlin,Location
c8803496-2561-40b7-9e0b-57c3e884c74b,Germany Introduces Healthcare Reform to Enhance Digital and Rural Access,Berlin,Location,1183,1189,0.9625450372695923,True,Berlin,Location
c8803496-2561-40b7-9e0b-57c3e884c74b,Germany Introduces Healthcare Reform to Enhance Digital and Rural Access,Berlin,Location,1404,1410,0.9625450372695923,True,Berlin,Location
c8803496-2561-40b7-9e0b-57c3e884c74b,Germany Introduces Healthcare Reform to Enhance Digital and Rural Access,Berlin,Location,1537,1543,0.9625450372695923,True,Berlin,Location
c8803496-2561-40b7-9e0b-57c3e884c74b,Germany Introduces Healthcare Reform to Enhance Digital and Rural Access,Foreign Minister,Person,338,354,0.6631364226341248,False,,
c8803496-2561-40b7-9e0b-57c3e884c74b,Germany Introduces Healthcare Reform to Enhance Digital and Rural Access,Annalena Baerbock,Person,355,372,0.9786826372146606,True,Annalena Baerbock,Person
c8803496-2561-40b7-9e0b-57c3e884c74b,Germany Introduces Healthcare Reform to Enhance Digital and Rural Access,Hauptstadt,Location,253,263,0.746605634689331,True,Berlin,Location
c8803496-2561-40b7-9e0b-57c3e884c74b,Germany Introduces Healthcare Reform to Enhance Digital and Rural Access,Hauptstadt,Location,433,443,0.746605634689331,True,Berlin,Location
c8803496-2561-40b7-9e0b-57c3e884c74b,Germany Introduces Healthcare Reform to Enhance Digital and Rural Access,Bavaria,Location,465,472,0.9295424222946167,True,Bavaria,Location
c8803496-2561-40b7-9e0b-57c3e884c74b,Germany Introduces Healthcare Reform to Enhance Digital and Rural Access,Bavaria,Location,900,907,0.9295424222946167,True,Bavaria,Location
c8803496-2561-40b7-9e0b-57c3e884c74b,Germany Introduces Healthcare Reform to Enhance Digital and Rural Access,Bavaria,Location,1274,1281,0.9295424222946167,True,Bavaria,Location
c8803496-2561-40b7-9e0b-57c3e884c74b,Germany Introduces Healthcare Reform to Enhance Digital and Rural Access,SAP SE,Company,605,611,0.9751197695732117,False,,
c8803496-2561-40b7-9e0b-57c3e884c74b,Germany Introduces Healthcare Reform to Enhance Digital and Rural Access,Walldorfer Software-Riese,Company,617,642,0.5373490452766418,False,,
c8803496-2561-40b7-9e0b-57c3e884c74b,Germany Introduces Healthcare Reform to Enhance Digital and Rural Access,North Rhine-Westphalia,Location,676,698,0.8882970213890076,True,North Rhine-Westphalia,Location
c8803496-2561-40b7-9e0b-57c3e884c74b,Germany Introduces Healthcare Reform to Enhance Digital and Rural Access,Christian Klein,Person,704,719,0.9839964509010315,False,,
c8803496-2561-40b7-9e0b-57c3e884c74b,Germany Introduces Healthcare Reform to Enhance Digital and Rural Access,SAP,Company,605,608,0.9203819632530212,False,,
c8803496-2561-40b7-9e0b-57c3e884c74b,Germany Introduces Healthcare Reform to Enhance Digital and Rural Access,SAP,Company,729,732,0.9203819632530212,False,,
c8803496-2561-40b7-9e0b-57c3e884c74b,Germany Introduces Healthcare Reform to Enhance Digital and Rural Access,Siemens AG,Company,803,813,0.9731227159500122,True,Siemens AG,Company
c8803496-2561-40b7-9e0b-57c3e884c74b,Germany Introduces Healthcare Reform to Enhance Digital and Rural Access,Bavaria,Location,465,472,0.9575904011726379,True,Bavaria,Location
c8803496-2561-40b7-9e0b-57c3e884c74b,Germany Introduces Healthcare Reform to Enhance Digital and Rural Access,Bavaria,Location,900,907,0.9575904011726379,True,Bavaria,Location
c8803496-2561-40b7-9e0b-57c3e884c74b,Germany Introduces Healthcare Reform to Enhance Digital and Rural Access,Bavaria,Location,1274,1281,0.9575904011726379,True,Bavaria,Location
c8803496-2561-40b7-9e0b-57c3e884c74b,Germany Introduces Healthcare Reform to Enhance Digital and Rural Access,Roland Busch,Person,913,925,0.9521612524986267,False,,
c8803496-2561-40b7-9e0b-57c3e884c74b,Germany Introduces Healthcare Reform to Enhance Digital and Rural Access,Fresenius SE,Company,989,1001,0.9794687032699585,False,,
c8803496-2561-40b7-9e0b-57c3e884c74b,Germany Introduces Healthcare Reform to Enhance Digital and Rural Access,Bad Homburger Gesundheitskonzern,Company,1007,1039,0.7029805779457092,False,,
c8803496-2561-40b7-9e0b-57c3e884c74b,Germany Introduces Healthcare Reform to Enhance Digital and Rural Access,Düsseldorf,Location,1074,1084,0.9877605438232422,False,,
c8803496-2561-40b7-9e0b-57c3e884c74b,Germany Introduces Healthcare Reform to Enhance Digital and Rural Access,Düsseldorf,Location,1262,1272,0.9877605438232422,False,,
c8803496-2561-40b7-9e0b-57c3e884c74b,Germany Introduces Healthcare Reform to Enhance Digital and Rural Access,Stephan Sturm,Person,1095,1108,0.9542550444602966,False,,
c8803496-2561-40b7-9e0b-57c3e884c74b,Germany Introduces Healthcare Reform to Enhance Digital and Rural Access,Fresenius,Company,989,998,0.5559794306755066,False,,
c8803496-2561-40b7-9e0b-57c3e884c74b,Germany Introduces Healthcare Reform to Enhance Digital and Rural Access,Fresenius,Company,1118,1127,0.5559794306755066,False,,
c8803496-2561-40b7-9e0b-57c3e884c74b,Germany Introduces Healthcare Reform to Enhance Digital and Rural Access,Berlin,Location,33,39,0.9552399516105652,True,Berlin,Location
c8803496-2561-40b7-9e0b-57c3e884c74b,Germany Introduces Healthcare Reform to Enhance Digital and Rural Access,Berlin,Location,266,272,0.9552399516105652,True,Berlin,Location
c8803496-2561-40b7-9e0b-57c3e884c74b,Germany Introduces Healthcare Reform to Enhance Digital and Rural Access,Berlin,Location,1183,1189,0.9552399516105652,True,Berlin,Location
c8803496-2561-40b7-9e0b-57c3e884c74b,Germany Introduces Healthcare Reform to Enhance Digital and Rural Access,Berlin,Location,1404,1410,0.9552399516105652,True,Berlin,Location
c8803496-2561-40b7-9e0b-57c3e884c74b,Germany Introduces Healthcare Reform to Enhance Digital and Rural Access,Berlin,Location,1537,1543,0.9552399516105652,True,Berlin,Location
c8803496-2561-40b7-9e0b-57c3e884c74b,Germany Introduces Healthcare Reform to Enhance Digital and Rural Access,Munich,Location,1251,1257,0.9499762058258057,False,,
c8803496-2561-40b7-9e0b-57c3e884c74b,Germany Introduces Healthcare Reform to Enhance Digital and Rural Access,Düsseldorf,Location,1074,1084,0.9847566485404968,False,,
c8803496-2561-40b7-9e0b-57c3e884c74b,Germany Introduces Healthcare Reform to Enhance Digital and Rural Access,Düsseldorf,Location,1262,1272,0.9847566485404968,False,,
c8803496-2561-40b7-9e0b-57c3e884c74b,Germany Introduces Healthcare Reform to Enhance Digital and Rural Access,Bavaria,Location,465,472,0.8736153244972229,True,Bavaria,Location
c8803496-2561-40b7-9e0b-57c3e884c74b,Germany Introduces Healthcare Reform to Enhance Digital and Rural Access,Bavaria,Location,900,907,0.8736153244972229,True,Bavaria,Location
c8803496-2561-40b7-9e0b-57c3e884c74b,Germany Introduces Healthcare Reform to Enhance Digital and Rural Access,Bavaria,Location,1274,1281,0.8736153244972229,True,Bavaria,Location
c8803496-2561-40b7-9e0b-57c3e884c74b,Germany Introduces Healthcare Reform to Enhance Digital and Rural Access,NRW,Location,1286,1289,0.9228625297546387,True,North Rhine-Westphalia,Location
c8803496-2561-40b7-9e0b-57c3e884c74b,Germany Introduces Healthcare Reform to Enhance Digital and Rural Access,Steinmeier,Person,217,227,0.9914937019348145,True,Frank-Walter Steinmeier,Person
c8803496-2561-40b7-9e0b-57c3e884c74b,Germany Introduces Healthcare Reform to Enhance Digital and Rural Access,Steinmeier,Person,1343,1353,0.9914937019348145,True,Frank-Walter Steinmeier,Person
c8803496-2561-40b7-9e0b-57c3e884c74b,Germany Introduces Healthcare Reform to Enhance Digital and Rural Access,Berlin,Location,33,39,0.9812381863594055,True,Berlin,Location
c8803496-2561-40b7-9e0b-57c3e884c74b,Germany Introduces Healthcare Reform to Enhance Digital and Rural Access,Berlin,Location,266,272,0.9812381863594055,True,Berlin,Location
c8803496-2561-40b7-9e0b-57c3e884c74b,Germany Introduces Healthcare Reform to Enhance Digital and Rural Access,Berlin,Location,1183,1189,0.9812381863594055,True,Berlin,Location
c8803496-2561-40b7-9e0b-57c3e884c74b,Germany Introduces Healthcare Reform to Enhance Digital and Rural Access,Berlin,Location,1404,1410,0.9812381863594055,True,Berlin,Location
c8803496-2561-40b7-9e0b-57c3e884c74b,Germany Introduces Healthcare Reform to Enhance Digital and Rural Access,Berlin,Location,1537,1543,0.9812381863594055,True,Berlin,Location
c8803496-2561-40b7-9e0b-57c3e884c74b,Germany Introduces Healthcare Reform to Enhance Digital and Rural Access,Berlin,Location,33,39,0.9820485711097717,True,Berlin,Location
c8803496-2561-40b7-9e0b-57c3e884c74b,Germany Introduces Healthcare Reform to Enhance Digital and Rural Access,Berlin,Location,266,272,0.9820485711097717,True,Berlin,Location
c8803496-2561-40b7-9e0b-57c3e884c74b,Germany Introduces Healthcare Reform to Enhance Digital and Rural Access,Berlin,Location,1183,1189,0.9820485711097717,True,Berlin,Location
c8803496-2561-40b7-9e0b-57c3e884c74b,Germany Introduces Healthcare Reform to Enhance Digital and Rural Access,Berlin,Location,1404,1410,0.9820485711097717,True,Berlin,Location
c8803496-2561-40b7-9e0b-57c3e884c74b,Germany Introduces Healthcare Reform to Enhance Digital and Rural Access,Berlin,Location,1537,1543,0.9820485711097717,True,Berlin,Location
e6f23105-8f3e-4264-8579-a98a56a67e22,Germany Updates National Security Strategy to Bolster Cybersecurity,Berlin,Location,44,50,0.9617506861686707,True,Berlin,Location
e6f23105-8f3e-4264-8579-a98a56a67e22,Germany Updates National Security Strategy to Bolster Cybersecurity,Berlin,Location,309,315,0.9617506861686707,True,Berlin,Location
e6f23105-8f3e-4264-8579-a98a56a67e22,Germany Updates National Security Strategy to Bolster Cybersecurity,Berlin,Location,869,875,0.9617506861686707,True,Berlin,Location
e6f23105-8f3e-4264-8579-a98a56a67e22,Germany Updates National Security Strategy to Bolster Cybersecurity,Berlin,Location,1269,1275,0.9617506861686707,True,Berlin,Location
e6f23105-8f3e-4264-8579-a98a56a67e22,Germany Updates National Security Strategy to Bolster Cybersecurity,Berlin,Location,1484,1490,0.9617506861686707,True,Berlin,Location
e6f23105-8f3e-4264-8579-a98a56a67e22,Germany Updates National Security Strategy to Bolster Cybersecurity,Olaf Scholz,Person,72,83,0.9622761607170105,True,Olaf Scholz,Person
e6f23105-8f3e-4264-8579-a98a56a67e22,Germany Updates National Security Strategy to Bolster Cybersecurity,Frank-Walter Steinmeier,Person,244,267,0.9623799324035645,True,Frank-Walter Steinmeier,Person
e6f23105-8f3e-4264-8579-a98a56a67e22,Germany Updates National Security Strategy to Bolster Cybersecurity,Berlin,Location,44,50,0.9684425592422485,True,Berlin,Location
e6f23105-8f3e-4264-8579-a98a56a67e22,Germany Updates National Security Strategy to Bolster Cybersecurity,Berlin,Location,309,315,0.9684425592422485,True,Berlin,Location
e6f23105-8f3e-4264-8579-a98a56a67e22,Germany Updates National Security Strategy to Bolster Cybersecurity,Berlin,Location,869,875,0.9684425592422485,True,Berlin,Location
e6f23105-8f3e-4264-8579-a98a56a67e22,Germany Updates National Security Strategy to Bolster Cybersecurity,Berlin,Location,1269,1275,0.9684425592422485,True,Berlin,Location
e6f23105-8f3e-4264-8579-a98a56a67e22,Germany Updates National Security Strategy to Bolster Cybersecurity,Berlin,Location,1484,1490,0.9684425592422485,True,Berlin,Location
e6f23105-8f3e-4264-8579-a98a56a67e22,Germany Updates National Security Strategy to Bolster Cybersecurity,Foreign Minister,Person,386,402,0.7183170318603516,False,,
e6f23105-8f3e-4264-8579-a98a56a67e22,Germany Updates National Security Strategy to Bolster Cybersecurity,Annalena Baerbock,Person,403,420,0.9743912220001221,True,Annalena Baerbock,Person
e6f23105-8f3e-4264-8579-a98a56a67e22,Germany Updates National Security Strategy to Bolster Cybersecurity,Hauptstadt,Location,204,214,0.5623376369476318,True,Berlin,Location
e6f23105-8f3e-4264-8579-a98a56a67e22,Germany Updates National Security Strategy to Bolster Cybersecurity,Hauptstadt,Location,482,492,0.5623376369476318,True,Berlin,Location
e6f23105-8f3e-4264-8579-a98a56a67e22,Germany Updates National Security Strategy to Bolster Cybersecurity,Hauptstadt,Location,1572,1582,0.5623376369476318,True,Berlin,Location
e6f23105-8f3e-4264-8579-a98a56a67e22,Germany Updates National Security Strategy to Bolster Cybersecurity,Bavaria,Location,539,546,0.9389719367027283,True,Bavaria,Location
e6f23105-8f3e-4264-8579-a98a56a67e22,Germany Updates National Security Strategy to Bolster Cybersecurity,Bavaria,Location,1357,1364,0.9389719367027283,True,Bavaria,Location
e6f23105-8f3e-4264-8579-a98a56a67e22,Germany Updates National Security Strategy to Bolster Cybersecurity,Siemens AG,Company,584,594,0.9785436987876892,True,Siemens AG,Company
e6f23105-8f3e-4264-8579-a98a56a67e22,Germany Updates National Security Strategy to Bolster Cybersecurity,North Rhine-Westphalia,Location,661,683,0.8950531482696533,True,North Rhine-Westphalia,Location
e6f23105-8f3e-4264-8579-a98a56a67e22,Germany Updates National Security Strategy to Bolster Cybersecurity,Roland Busch,Person,689,701,0.9840863347053528,False,,
e6f23105-8f3e-4264-8579-a98a56a67e22,Germany Updates National Security Strategy to Bolster Cybersecurity,SAP SE,Company,771,777,0.975102961063385,False,,
e6f23105-8f3e-4264-8579-a98a56a67e22,Germany Updates National Security Strategy to Bolster Cybersecurity,Berlin,Location,44,50,0.9705736637115479,True,Berlin,Location
e6f23105-8f3e-4264-8579-a98a56a67e22,Germany Updates National Security Strategy to Bolster Cybersecurity,Berlin,Location,309,315,0.9705736637115479,True,Berlin,Location
e6f23105-8f3e-4264-8579-a98a56a67e22,Germany Updates National Security Strategy to Bolster Cybersecurity,Berlin,Location,869,875,0.9705736637115479,True,Berlin,Location
e6f23105-8f3e-4264-8579-a98a56a67e22,Germany Updates National Security Strategy to Bolster Cybersecurity,Berlin,Location,1269,1275,0.9705736637115479,True,Berlin,Location
e6f23105-8f3e-4264-8579-a98a56a67e22,Germany Updates National Security Strategy to Bolster Cybersecurity,Berlin,Location,1484,1490,0.9705736637115479,True,Berlin,Location
e6f23105-8f3e-4264-8579-a98a56a67e22,Germany Updates National Security Strategy to Bolster Cybersecurity,Düsseldorf,Location,880,890,0.9632206559181213,False,,
e6f23105-8f3e-4264-8579-a98a56a67e22,Germany Updates National Security Strategy to Bolster Cybersecurity,Düsseldorf,Location,1345,1355,0.9632206559181213,False,,
e6f23105-8f3e-4264-8579-a98a56a67e22,Germany Updates National Security Strategy to Bolster Cybersecurity,Christian Klein,Person,896,911,0.9430370926856995,False,,
e6f23105-8f3e-4264-8579-a98a56a67e22,Germany Updates National Security Strategy to Bolster Cybersecurity,SAP,Company,771,774,0.6301063299179077,False,,
e6f23105-8f3e-4264-8579-a98a56a67e22,Germany Updates National Security Strategy to Bolster Cybersecurity,SAP,Company,923,926,0.6301063299179077,False,,
e6f23105-8f3e-4264-8579-a98a56a67e22,Germany Updates National Security Strategy to Bolster Cybersecurity,Germany,Location,113,120,0.7807814478874207,False,,
e6f23105-8f3e-4264-8579-a98a56a67e22,Germany Updates National Security Strategy to Bolster Cybersecurity,Germany,Location,971,978,0.7807814478874207,False,,
e6f23105-8f3e-4264-8579-a98a56a67e22,Germany Updates National Security Strategy to Bolster Cybersecurity,Germany,Location,1507,1514,0.7807814478874207,False,,
e6f23105-8f3e-4264-8579-a98a56a67e22,Germany Updates National Security Strategy to Bolster Cybersecurity,Volkswagen AG,Company,998,1011,0.9594714641571045,True,Volkswagen AG,Company
e6f23105-8f3e-4264-8579-a98a56a67e22,Germany Updates National Security Strategy to Bolster Cybersecurity,Wolfsburger Autohersteller,Company,1017,1043,0.5812070965766907,False,,
e6f23105-8f3e-4264-8579-a98a56a67e22,Germany Updates National Security Strategy to Bolster Cybersecurity,Oliver Blume,Person,1082,1094,0.9488511681556702,False,,
e6f23105-8f3e-4264-8579-a98a56a67e22,Germany Updates National Security Strategy to Bolster Cybersecurity,Bayern,Location,1155,1161,0.9247636795043945,True,Bavaria,Location
e6f23105-8f3e-4264-8579-a98a56a67e22,Germany Updates National Security Strategy to Bolster Cybersecurity,Berlin,Location,44,50,0.9948493838310242,True,Berlin,Location
e6f23105-8f3e-4264-8579-a98a56a67e22,Germany Updates National Security Strategy to Bolster Cybersecurity,Berlin,Location,309,315,0.9948493838310242,True,Berlin,Location
e6f23105-8f3e-4264-8579-a98a56a67e22,Germany Updates National Security Strategy to Bolster Cybersecurity,Berlin,Location,869,875,0.9948493838310242,True,Berlin,Location
e6f23105-8f3e-4264-8579-a98a56a67e22,Germany Updates National Security Strategy to Bolster Cybersecurity,Berlin,Location,1269,1275,0.9948493838310242,True,Berlin,Location
e6f23105-8f3e-4264-8579-a98a56a67e22,Germany Updates National Security Strategy to Bolster Cybersecurity,Berlin,Location,1484,1490,0.9948493838310242,True,Berlin,Location
e6f23105-8f3e-4264-8579-a98a56a67e22,Germany Updates National Security Strategy to Bolster Cybersecurity,Munich,Location,1334,1340,0.9854378700256348,False,,
e6f23105-8f3e-4264-8579-a98a56a67e22,Germany Updates National Security Strategy to Bolster Cybersecurity,Munich,Location,1629,1635,0.9854378700256348,False,,
e6f23105-8f3e-4264-8579-a98a56a67e22,Germany Updates National Security Strategy to Bolster Cybersecurity,Düsseldorf,Location,880,890,0.9772154688835144,False,,
e6f23105-8f3e-4264-8579-a98a56a67e22,Germany Updates National Security Strategy to Bolster Cybersecurity,Düsseldorf,Location,1345,1355,0.9772154688835144,False,,
e6f23105-8f3e-4264-8579-a98a56a67e22,Germany Updates National Security Strategy to Bolster Cybersecurity,Bavaria,Location,539,546,0.9114052653312683,True,Bavaria,Location
e6f23105-8f3e-4264-8579-a98a56a67e22,Germany Updates National Security Strategy to Bolster Cybersecurity,Bavaria,Location,1357,1364,0.9114052653312683,True,Bavaria,Location
e6f23105-8f3e-4264-8579-a98a56a67e22,Germany Updates National Security Strategy to Bolster Cybersecurity,NRW,Location,1369,1372,0.9504250288009644,True,North Rhine-Westphalia,Location
e6f23105-8f3e-4264-8579-a98a56a67e22,Germany Updates National Security Strategy to Bolster Cybersecurity,Steinmeier,Person,257,267,0.9917532205581665,True,Frank-Walter Steinmeier,Person
e6f23105-8f3e-4264-8579-a98a56a67e22,Germany Updates National Security Strategy to Bolster Cybersecurity,Steinmeier,Person,1421,1431,0.9917532205581665,True,Frank-Walter Steinmeier,Person
e6f23105-8f3e-4264-8579-a98a56a67e22,Germany Updates National Security Strategy to Bolster Cybersecurity,Berlin,Location,44,50,0.98989337682724,True,Berlin,Location
e6f23105-8f3e-4264-8579-a98a56a67e22,Germany Updates National Security Strategy to Bolster Cybersecurity,Berlin,Location,309,315,0.98989337682724,True,Berlin,Location
e6f23105-8f3e-4264-8579-a98a56a67e22,Germany Updates National Security Strategy to Bolster Cybersecurity,Berlin,Location,869,875,0.98989337682724,True,Berlin,Location
e6f23105-8f3e-4264-8579-a98a56a67e22,Germany Updates National Security Strategy to Bolster Cybersecurity,Berlin,Location,1269,1275,0.98989337682724,True,Berlin,Location
e6f23105-8f3e-4264-8579-a98a56a67e22,Germany Updates National Security Strategy to Bolster Cybersecurity,Berlin,Location,1484,1490,0.98989337682724,True,Berlin,Location
e6f23105-8f3e-4264-8579-a98a56a67e22,Germany Updates National Security Strategy to Bolster Cybersecurity,Munich,Location,1334,1340,0.9804020524024963,False,,
e6f23105-8f3e-4264-8579-a98a56a67e22,Germany Updates National Security Strategy to Bolster Cybersecurity,Munich,Location,1629,1635,0.9804020524024963,False,,
5be0369d-5a20-4038-84ed-adc244bc4c39,Germany Announces Major Infrastructure Investment Plan,Berlin,Location,33,39,0.9787431359291077,True,Berlin,Location
5be0369d-5a20-4038-84ed-adc244bc4c39,Germany Announces Major Infrastructure Investment Plan,Berlin,Location,302,308,0.9787431359291077,True,Berlin,Location
5be0369d-5a20-4038-84ed-adc244bc4c39,Germany Announces Major Infrastructure Investment Plan,Berlin,Location,1122,1128,0.9787431359291077,True,Berlin,Location
5be0369d-5a20-4038-84ed-adc244bc4c39,Germany Announces Major Infrastructure Investment Plan,Berlin,Location,1336,1342,0.9787431359291077,True,Berlin,Location
5be0369d-5a20-4038-84ed-adc244bc4c39,Germany Announces Major Infrastructure Investment Plan,Olaf Scholz,Person,60,71,0.9651781916618347,True,Olaf Scholz,Person
5be0369d-5a20-4038-84ed-adc244bc4c39,Germany Announces Major Infrastructure Investment Plan,Frank-Walter Steinmeier,Person,228,251,0.959072470664978,True,Frank-Walter Steinmeier,Person
5be0369d-5a20-4038-84ed-adc244bc4c39,Germany Announces Major Infrastructure Investment Plan,Berlin,Location,33,39,0.9811160564422607,True,Berlin,Location
5be0369d-5a20-4038-84ed-adc244bc4c39,Germany Announces Major Infrastructure Investment Plan,Berlin,Location,302,308,0.9811160564422607,True,Berlin,Location
5be0369d-5a20-4038-84ed-adc244bc4c39,Germany Announces Major Infrastructure Investment Plan,Berlin,Location,1122,1128,0.9811160564422607,True,Berlin,Location
5be0369d-5a20-4038-84ed-adc244bc4c39,Germany Announces Major Infrastructure Investment Plan,Berlin,Location,1336,1342,0.9811160564422607,True,Berlin,Location
5be0369d-5a20-4038-84ed-adc244bc4c39,Germany Announces Major Infrastructure Investment Plan,Foreign Minister,Person,371,387,0.663101315498352,False,,
5be0369d-5a20-4038-84ed-adc244bc4c39,Germany Announces Major Infrastructure Investment Plan,Annalena Baerbock,Person,388,405,0.9777780175209045,True,Annalena Baerbock,Person
5be0369d-5a20-4038-84ed-adc244bc4c39,Germany Announces Major Infrastructure Investment Plan,Hauptstadt,Location,154,164,0.7155146598815918,True,Berlin,Location
5be0369d-5a20-4038-84ed-adc244bc4c39,Germany Announces Major Infrastructure Investment Plan,Hauptstadt,Location,462,472,0.7155146598815918,True,Berlin,Location
5be0369d-5a20-4038-84ed-adc244bc4c39,Germany Announces Major Infrastructure Investment Plan,Hauptstadt,Location,1468,1478,0.7155146598815918,True,Berlin,Location
5be0369d-5a20-4038-84ed-adc244bc4c39,Germany Announces Major Infrastructure Investment Plan,Bavaria,Location,486,493,0.8797667622566223,True,Bavaria,Location
5be0369d-5a20-4038-84ed-adc244bc4c39,Germany Announces Major Infrastructure Investment Plan,Bavaria,Location,812,819,0.8797667622566223,True,Bavaria,Location
5be0369d-5a20-4038-84ed-adc244bc4c39,Germany Announces Major Infrastructure Investment Plan,Bavaria,Location,1205,1212,0.8797667622566223,True,Bavaria,Location
5be0369d-5a20-4038-84ed-adc244bc4c39,Germany Announces Major Infrastructure Investment Plan,Siemens AG,Company,562,572,0.9764853715896606,True,Siemens AG,Company
5be0369d-5a20-4038-84ed-adc244bc4c39,Germany Announces Major Infrastructure Investment Plan,North Rhine-Westphalia,Location,629,651,0.897104024887085,True,North Rhine-Westphalia,Location
5be0369d-5a20-4038-84ed-adc244bc4c39,Germany Announces Major Infrastructure Investment Plan,Roland Busch,Person,657,669,0.9805418252944946,False,,
5be0369d-5a20-4038-84ed-adc244bc4c39,Germany Announces Major Infrastructure Investment Plan,Deutsche Telekom AG,Company,739,758,0.9840271472930908,False,,
5be0369d-5a20-4038-84ed-adc244bc4c39,Germany Announces Major Infrastructure Investment Plan,Bavaria,Location,486,493,0.9727970361709595,True,Bavaria,Location
5be0369d-5a20-4038-84ed-adc244bc4c39,Germany Announces Major Infrastructure Investment Plan,Bavaria,Location,812,819,0.9727970361709595,True,Bavaria,Location
5be0369d-5a20-4038-84ed-adc244bc4c39,Germany Announces Major Infrastructure Investment Plan,Bavaria,Location,1205,1212,0.9727970361709595,True,Bavaria,Location
5be0369d-5a20-4038-84ed-adc244bc4c39,Germany Announces Major Infrastructure Investment Plan,Timotheus Höttges,Person,848,865,0.957823634147644,False,,
5be0369d-5a20-4038-84ed-adc244bc4c39,Germany Announces Major Infrastructure Investment Plan,Telekom,Company,748,755,0.8467976450920105,False,,
5be0369d-5a20-4038-84ed-adc244bc4c39,Germany Announces Major Infrastructure Investment Plan,Telekom,Company,771,778,0.8467976450920105,False,,
5be0369d-5a20-4038-84ed-adc244bc4c39,Germany Announces Major Infrastructure Investment Plan,Telekom,Company,877,884,0.8467976450920105,False,,
5be0369d-5a20-4038-84ed-adc244bc4c39,Germany Announces Major Infrastructure Investment Plan,Germany,Location,915,922,0.9225186705589294,False,,
5be0369d-5a20-4038-84ed-adc244bc4c39,Germany Announces Major Infrastructure Investment Plan,Germany,Location,1099,1106,0.9225186705589294,False,,
5be0369d-5a20-4038-84ed-adc244bc4c39,Germany Announces Major Infrastructure Investment Plan,Germany,Location,1359,1366,0.9225186705589294,False,,
5be0369d-5a20-4038-84ed-adc244bc4c39,Germany Announces Major Infrastructure Investment Plan,Hochtief AG,Company,935,946,0.9659227132797241,False,,
5be0369d-5a20-4038-84ed-adc244bc4c39,Germany Announces Major Infrastructure Investment Plan,Essener Baukonzern,Company,952,970,0.6806982755661011,False,,
5be0369d-5a20-4038-84ed-adc244bc4c39,Germany Announces Major Infrastructure Investment Plan,Düsseldorf,Location,999,1009,0.9799445867538452,False,,
5be0369d-5a20-4038-84ed-adc244bc4c39,Germany Announces Major Infrastructure Investment Plan,Marcelino Fernández Verdes,Person,1020,1046,0.9506439566612244,False,,
5be0369d-5a20-4038-84ed-adc244bc4c39,Germany Announces Major Infrastructure Investment Plan,Germany,Location,915,922,0.8733971118927002,False,,
5be0369d-5a20-4038-84ed-adc244bc4c39,Germany Announces Major Infrastructure Investment Plan,Germany,Location,1099,1106,0.8733971118927002,False,,
5be0369d-5a20-4038-84ed-adc244bc4c39,Germany Announces Major Infrastructure Investment Plan,Germany,Location,1359,1366,0.8733971118927002,False,,
5be0369d-5a20-4038-84ed-adc244bc4c39,Germany Announces Major Infrastructure Investment Plan,Berlin,Location,33,39,0.9622156023979187,True,Berlin,Location
5be0369d-5a20-4038-84ed-adc244bc4c39,Germany Announces Major Infrastructure Investment Plan,Berlin,Location,302,308,0.9622156023979187,True,Berlin,Location
5be0369d-5a20-4038-84ed-adc244bc4c39,Germany Announces Major Infrastructure Investment Plan,Berlin,Location,1122,1128,0.9622156023979187,True,Berlin,Location
5be0369d-5a20-4038-84ed-adc244bc4c39,Germany Announces Major Infrastructure Investment Plan,Berlin,Location,1336,1342,0.9622156023979187,True,Berlin,Location
5be0369d-5a20-4038-84ed-adc244bc4c39,Germany Announces Major Infrastructure Investment Plan,Federal Infrastructure Agency,Company,1139,1168,0.5854698419570923,False,,
5be0369d-5a20-4038-84ed-adc244bc4c39,Germany Announces Major Infrastructure Investment Plan,Munich,Location,1187,1193,0.9742388725280762,False,,
5be0369d-5a20-4038-84ed-adc244bc4c39,Germany Announces Major Infrastructure Investment Plan,Munich,Location,1483,1489,0.9742388725280762,False,,
5be0369d-5a20-4038-84ed-adc244bc4c39,Germany Announces Major Infrastructure Investment Plan,Essen,Location,952,957,0.9582065939903259,False,,
5be0369d-5a20-4038-84ed-adc244bc4c39,Germany Announces Major Infrastructure Investment Plan,Essen,Location,1198,1203,0.9582065939903259,False,,
5be0369d-5a20-4038-84ed-adc244bc4c39,Germany Announces Major Infrastructure Investment Plan,Bavaria,Location,486,493,0.8461271524429321,True,Bavaria,Location
5be0369d-5a20-4038-84ed-adc244bc4c39,Germany Announces Major Infrastructure Investment Plan,Bavaria,Location,812,819,0.8461271524429321,True,Bavaria,Location
5be0369d-5a20-4038-84ed-adc244bc4c39,Germany Announces Major Infrastructure Investment Plan,Bavaria,Location,1205,1212,0.8461271524429321,True,Bavaria,Location
5be0369d-5a20-4038-84ed-adc244bc4c39,Germany Announces Major Infrastructure Investment Plan,NRW,Location,1217,1220,0.8729028105735779,True,North Rhine-Westphalia,Location
5be0369d-5a20-4038-84ed-adc244bc4c39,Germany Announces Major Infrastructure Investment Plan,Steinmeier,Person,241,251,0.9921112060546875,True,Frank-Walter Steinmeier,Person
5be0369d-5a20-4038-84ed-adc244bc4c39,Germany Announces Major Infrastructure Investment Plan,Steinmeier,Person,1277,1287,0.9921112060546875,True,Frank-Walter Steinmeier,Person
5be0369d-5a20-4038-84ed-adc244bc4c39,Germany Announces Major Infrastructure Investment Plan,Berlin,Location,33,39,0.9657981395721436,True,Berlin,Location
5be0369d-5a20-4038-84ed-adc244bc4c39,Germany Announces Major Infrastructure Investment Plan,Berlin,Location,302,308,0.9657981395721436,True,Berlin,Location
5be0369d-5a20-4038-84ed-adc244bc4c39,Germany Announces Major Infrastructure Investment Plan,Berlin,Location,1122,1128,0.9657981395721436,True,Berlin,Location
5be0369d-5a20-4038-84ed-adc244bc4c39,Germany Announces Major Infrastructure Investment Plan,Berlin,Location,1336,1342,0.9657981395721436,True,Berlin,Location
5be0369d-5a20-4038-84ed-adc244bc4c39,Germany Announces Major Infrastructure Investment Plan,Hauptstadt,Location,154,164,0.632828414440155,True,Berlin,Location
5be0369d-5a20-4038-84ed-adc244bc4c39,Germany Announces Major Infrastructure Investment Plan,Hauptstadt,Location,462,472,0.632828414440155,True,Berlin,Location
5be0369d-5a20-4038-84ed-adc244bc4c39,Germany Announces Major Infrastructure Investment Plan,Hauptstadt,Location,1468,1478,0.632828414440155,True,Berlin,Location
5be0369d-5a20-4038-84ed-adc244bc4c39,Germany Announces Major Infrastructure Investment Plan,Munich,Location,1187,1193,0.9599666595458984,False,,
5be0369d-5a20-4038-84ed-adc244bc4c39,Germany Announces Major Infrastructure Investment Plan,Munich,Location,1483,1489,0.9599666595458984,False,,
5be0369d-5a20-4038-84ed-adc244bc4c39,Germany Announces Major Infrastructure Investment Plan,Frankfurt,Location,1536,1545,0.958074688911438,False,,
ace4ee34-e145-458d-bf5e-af386e249ea0,Germany Hosts Global Investment Summit to Attract Foreign Capital,Frankfurt,Location,37,46,0.9738680124282837,False,,
ace4ee34-e145-458d-bf5e-af386e249ea0,Germany Hosts Global Investment Summit to Attract Foreign Capital,Frankfurt,Location,145,154,0.9738680124282837,False,,
ace4ee34-e145-458d-bf5e-af386e249ea0,Germany Hosts Global Investment Summit to Attract Foreign Capital,Frankfurt,Location,300,309,0.9738680124282837,False,,
ace4ee34-e145-458d-bf5e-af386e249ea0,Germany Hosts Global Investment Summit to Attract Foreign Capital,Frankfurt,Location,1184,1193,0.9738680124282837,False,,
ace4ee34-e145-458d-bf5e-af386e249ea0,Germany Hosts Global Investment Summit to Attract Foreign Capital,Frankfurt,Location,1403,1412,0.9738680124282837,False,,
ace4ee34-e145-458d-bf5e-af386e249ea0,Germany Hosts Global Investment Summit to Attract Foreign Capital,Frankfurt,Location,1556,1565,0.9738680124282837,False,,
ace4ee34-e145-458d-bf5e-af386e249ea0,Germany Hosts Global Investment Summit to Attract Foreign Capital,Olaf Scholz,Person,68,79,0.9583713412284851,True,Olaf Scholz,Person
ace4ee34-e145-458d-bf5e-af386e249ea0,Germany Hosts Global Investment Summit to Attract Foreign Capital,Germany,Location,107,114,0.5159449577331543,False,,
ace4ee34-e145-458d-bf5e-af386e249ea0,Germany Hosts Global Investment Summit to Attract Foreign Capital,Germany,Location,337,344,0.5159449577331543,False,,
ace4ee34-e145-458d-bf5e-af386e249ea0,Germany Hosts Global Investment Summit to Attract Foreign Capital,Germany,Location,982,989,0.5159449577331543,False,,
ace4ee34-e145-458d-bf5e-af386e249ea0,Germany Hosts Global Investment Summit to Attract Foreign Capital,Germany,Location,1432,1439,0.5159449577331543,False,,
ace4ee34-e145-458d-bf5e-af386e249ea0,Germany Hosts Global Investment Summit to Attract Foreign Capital,Frankfurt,Location,37,46,0.9804359674453735,False,,
ace4ee34-e145-458d-bf5e-af386e249ea0,Germany Hosts Global Investment Summit to Attract Foreign Capital,Frankfurt,Location,145,154,0.9804359674453735,False,,
ace4ee34-e145-458d-bf5e-af386e249ea0,Germany Hosts Global Investment Summit to Attract Foreign Capital,Frankfurt,Location,300,309,0.9804359674453735,False,,
ace4ee34-e145-458d-bf5e-af386e249ea0,Germany Hosts Global Investment Summit to Attract Foreign Capital,Frankfurt,Location,1184,1193,0.9804359674453735,False,,
ace4ee34-e145-458d-bf5e-af386e249ea0,Germany Hosts Global Investment Summit to Attract Foreign Capital,Frankfurt,Location,1403,1412,0.9804359674453735,False,,
ace4ee34-e145-458d-bf5e-af386e249ea0,Germany Hosts Global Investment Summit to Attract Foreign Capital,Frankfurt,Location,1556,1565,0.9804359674453735,False,,
ace4ee34-e145-458d-bf5e-af386e249ea0,Germany Hosts Global Investment Summit to Attract Foreign Capital,Frank-Walter Steinmeier,Person,224,247,0.9582651257514954,True,Frank-Walter Steinmeier,Person
ace4ee34-e145-458d-bf5e-af386e249ea0,Germany Hosts Global Investment Summit to Attract Foreign Capital,Frankfurt,Location,37,46,0.9803658127784729,False,,
ace4ee34-e145-458d-bf5e-af386e249ea0,Germany Hosts Global Investment Summit to Attract Foreign Capital,Frankfurt,Location,145,154,0.9803658127784729,False,,
ace4ee34-e145-458d-bf5e-af386e249ea0,Germany Hosts Global Investment Summit to Attract Foreign Capital,Frankfurt,Location,300,309,0.9803658127784729,False,,
ace4ee34-e145-458d-bf5e-af386e249ea0,Germany Hosts Global Investment Summit to Attract Foreign Capital,Frankfurt,Location,1184,1193,0.9803658127784729,False,,
ace4ee34-e145-458d-bf5e-af386e249ea0,Germany Hosts Global Investment Summit to Attract Foreign Capital,Frankfurt,Location,1403,1412,0.9803658127784729,False,,
ace4ee34-e145-458d-bf5e-af386e249ea0,Germany Hosts Global Investment Summit to Attract Foreign Capital,Frankfurt,Location,1556,1565,0.9803658127784729,False,,
ace4ee34-e145-458d-bf5e-af386e249ea0,Germany Hosts Global Investment Summit to Attract Foreign Capital,Foreign Minister,Person,379,395,0.6654092073440552,False,,
ace4ee34-e145-458d-bf5e-af386e249ea0,Germany Hosts Global Investment Summit to Attract Foreign Capital,Annalena Baerbock,Person,396,413,0.9810755252838135,True,Annalena Baerbock,Person
ace4ee34-e145-458d-bf5e-af386e249ea0,Germany Hosts Global Investment Summit to Attract Foreign Capital,Hauptstadt,Location,483,493,0.6114179491996765,True,Berlin,Location
ace4ee34-e145-458d-bf5e-af386e249ea0,Germany Hosts Global Investment Summit to Attract Foreign Capital,Hauptstadt,Location,1574,1584,0.6114179491996765,True,Berlin,Location
ace4ee34-e145-458d-bf5e-af386e249ea0,Germany Hosts Global Investment Summit to Attract Foreign Capital,Bavaria,Location,509,516,0.9153028726577759,True,Bavaria,Location
ace4ee34-e145-458d-bf5e-af386e249ea0,Germany Hosts Global Investment Summit to Attract Foreign Capital,Bavaria,Location,1267,1274,0.9153028726577759,True,Bavaria,Location
ace4ee34-e145-458d-bf5e-af386e249ea0,Germany Hosts Global Investment Summit to Attract Foreign Capital,Siemens AG,Company,574,584,0.9786006808280945,True,Siemens AG,Company
ace4ee34-e145-458d-bf5e-af386e249ea0,Germany Hosts Global Investment Summit to Attract Foreign Capital,North Rhine-Westphalia,Location,656,678,0.8786293864250183,True,North Rhine-Westphalia,Location
ace4ee34-e145-458d-bf5e-af386e249ea0,Germany Hosts Global Investment Summit to Attract Foreign Capital,Roland Busch,Person,684,696,0.9525413513183594,False,,
ace4ee34-e145-458d-bf5e-af386e249ea0,Germany Hosts Global Investment Summit to Attract Foreign Capital,SAP SE,Company,777,783,0.9849126935005188,False,,
ace4ee34-e145-458d-bf5e-af386e249ea0,Germany Hosts Global Investment Summit to Attract Foreign Capital,Walldorfer Software-Riese,Company,789,814,0.5019183158874512,False,,
ace4ee34-e145-458d-bf5e-af386e249ea0,Germany Hosts Global Investment Summit to Attract Foreign Capital,Berlin,Location,869,875,0.9606375694274902,True,Berlin,Location
ace4ee34-e145-458d-bf5e-af386e249ea0,Germany Hosts Global Investment Summit to Attract Foreign Capital,Berlin,Location,1259,1265,0.9606375694274902,True,Berlin,Location
ace4ee34-e145-458d-bf5e-af386e249ea0,Germany Hosts Global Investment Summit to Attract Foreign Capital,Christian Klein,Person,895,910,0.9556393623352051,False,,
ace4ee34-e145-458d-bf5e-af386e249ea0,Germany Hosts Global Investment Summit to Attract Foreign Capital,SAP,Company,777,780,0.9765751957893372,False,,
ace4ee34-e145-458d-bf5e-af386e249ea0,Germany Hosts Global Investment Summit to Attract Foreign Capital,SAP,Company,919,922,0.9765751957893372,False,,
ace4ee34-e145-458d-bf5e-af386e249ea0,Germany Hosts Global Investment Summit to Attract Foreign Capital,Germany,Location,107,114,0.6703514456748962,False,,
ace4ee34-e145-458d-bf5e-af386e249ea0,Germany Hosts Global Investment Summit to Attract Foreign Capital,Germany,Location,337,344,0.6703514456748962,False,,
ace4ee34-e145-458d-bf5e-af386e249ea0,Germany Hosts Global Investment Summit to Attract Foreign Capital,Germany,Location,982,989,0.6703514456748962,False,,
ace4ee34-e145-458d-bf5e-af386e249ea0,Germany Hosts Global Investment Summit to Attract Foreign Capital,Germany,Location,1432,1439,0.6703514456748962,False,,
ace4ee34-e145-458d-bf5e-af386e249ea0,Germany Hosts Global Investment Summit to Attract Foreign Capital,Allianz SE,Company,992,1002,0.9749286770820618,False,,
ace4ee34-e145-458d-bf5e-af386e249ea0,Germany Hosts Global Investment Summit to Attract Foreign Capital,Düsseldorf,Location,1085,1095,0.9650121331214905,False,,
ace4ee34-e145-458d-bf5e-af386e249ea0,Germany Hosts Global Investment Summit to Attract Foreign Capital,Oliver Bäte,Person,1101,1112,0.9827069640159607,False,,
ace4ee34-e145-458d-bf5e-af386e249ea0,Germany Hosts Global Investment Summit to Attract Foreign Capital,Allianz,Company,992,999,0.9889606833457947,False,,
ace4ee34-e145-458d-bf5e-af386e249ea0,Germany Hosts Global Investment Summit to Attract Foreign Capital,Allianz,Company,1124,1131,0.9889606833457947,False,,
ace4ee34-e145-458d-bf5e-af386e249ea0,Germany Hosts Global Investment Summit to Attract Foreign Capital,Frankfurt,Location,37,46,0.9765754342079163,False,,
ace4ee34-e145-458d-bf5e-af386e249ea0,Germany Hosts Global Investment Summit to Attract Foreign Capital,Frankfurt,Location,145,154,0.9765754342079163,False,,
ace4ee34-e145-458d-bf5e-af386e249ea0,Germany Hosts Global Investment Summit to Attract Foreign Capital,Frankfurt,Location,300,309,0.9765754342079163,False,,
ace4ee34-e145-458d-bf5e-af386e249ea0,Germany Hosts Global Investment Summit to Attract Foreign Capital,Frankfurt,Location,1184,1193,0.9765754342079163,False,,
ace4ee34-e145-458d-bf5e-af386e249ea0,Germany Hosts Global Investment Summit to Attract Foreign Capital,Frankfurt,Location,1403,1412,0.9765754342079163,False,,
ace4ee34-e145-458d-bf5e-af386e249ea0,Germany Hosts Global Investment Summit to Attract Foreign Capital,Frankfurt,Location,1556,1565,0.9765754342079163,False,,
ace4ee34-e145-458d-bf5e-af386e249ea0,Germany Hosts Global Investment Summit to Attract Foreign Capital,Munich,Location,1248,1254,0.9733304977416992,False,,
ace4ee34-e145-458d-bf5e-af386e249ea0,Germany Hosts Global Investment Summit to Attract Foreign Capital,Munich,Location,1629,1635,0.9733304977416992,False,,
ace4ee34-e145-458d-bf5e-af386e249ea0,Germany Hosts Global Investment Summit to Attract Foreign Capital,Berlin,Location,869,875,0.9770620465278625,True,Berlin,Location
ace4ee34-e145-458d-bf5e-af386e249ea0,Germany Hosts Global Investment Summit to Attract Foreign Capital,Berlin,Location,1259,1265,0.9770620465278625,True,Berlin,Location
ace4ee34-e145-458d-bf5e-af386e249ea0,Germany Hosts Global Investment Summit to Attract Foreign Capital,Bavaria,Location,509,516,0.9387026429176331,True,Bavaria,Location
ace4ee34-e145-458d-bf5e-af386e249ea0,Germany Hosts Global Investment Summit to Attract Foreign Capital,Bavaria,Location,1267,1274,0.9387026429176331,True,Bavaria,Location
ace4ee34-e145-458d-bf5e-af386e249ea0,Germany Hosts Global Investment Summit to Attract Foreign Capital,NRW,Location,1279,1282,0.965924859046936,True,North Rhine-Westphalia,Location
ace4ee34-e145-458d-bf5e-af386e249ea0,Germany Hosts Global Investment Summit to Attract Foreign Capital,Steinmeier,Person,237,247,0.9916282892227173,True,Frank-Walter Steinmeier,Person
ace4ee34-e145-458d-bf5e-af386e249ea0,Germany Hosts Global Investment Summit to Attract Foreign Capital,Steinmeier,Person,1338,1348,0.9916282892227173,True,Frank-Walter Steinmeier,Person
ace4ee34-e145-458d-bf5e-af386e249ea0,Germany Hosts Global Investment Summit to Attract Foreign Capital,Frankfurt,Location,37,46,0.9846193194389343,False,,
ace4ee34-e145-458d-bf5e-af386e249ea0,Germany Hosts Global Investment Summit to Attract Foreign Capital,Frankfurt,Location,145,154,0.9846193194389343,False,,
ace4ee34-e145-458d-bf5e-af386e249ea0,Germany Hosts Global Investment Summit to Attract Foreign Capital,Frankfurt,Location,300,309,0.9846193194389343,False,,
ace4ee34-e145-458d-bf5e-af386e249ea0,Germany Hosts Global Investment Summit to Attract Foreign Capital,Frankfurt,Location,1184,1193,0.9846193194389343,False,,
ace4ee34-e145-458d-bf5e-af386e249ea0,Germany Hosts Global Investment Summit to Attract Foreign Capital,Frankfurt,Location,1403,1412,0.9846193194389343,False,,
ace4ee34-e145-458d-bf5e-af386e249ea0,Germany Hosts Global Investment Summit to Attract Foreign Capital,Frankfurt,Location,1556,1565,0.9846193194389343,False,,
ace4ee34-e145-458d-bf5e-af386e249ea0,Germany Hosts Global Investment Summit to Attract Foreign Capital,Germany,Location,107,114,0.7791165709495544,False,,
ace4ee34-e145-458d-bf5e-af386e249ea0,Germany Hosts Global Investment Summit to Attract Foreign Capital,Germany,Location,337,344,0.7791165709495544,False,,
ace4ee34-e145-458d-bf5e-af386e249ea0,Germany Hosts Global Investment Summit to Attract Foreign Capital,Germany,Location,982,989,0.7791165709495544,False,,
ace4ee34-e145-458d-bf5e-af386e249ea0,Germany Hosts Global Investment Summit to Attract Foreign Capital,Germany,Location,1432,1439,0.7791165709495544,False,,
ace4ee34-e145-458d-bf5e-af386e249ea0,Germany Hosts Global Investment Summit to Attract Foreign Capital,Analysts,Company,1543,1551,0.5257071256637573,False,,
ace4ee34-e145-458d-bf5e-af386e249ea0,Germany Hosts Global Investment Summit to Attract Foreign Capital,Frankfurt,Location,37,46,0.9848143458366394,False,,
ace4ee34-e145-458d-bf5e-af386e249ea0,Germany Hosts Global Investment Summit to Attract Foreign Capital,Frankfurt,Location,145,154,0.9848143458366394,False,,
ace4ee34-e145-458d-bf5e-af386e249ea0,Germany Hosts Global Investment Summit to Attract Foreign Capital,Frankfurt,Location,300,309,0.9848143458366394,False,,
ace4ee34-e145-458d-bf5e-af386e249ea0,Germany Hosts Global Investment Summit to Attract Foreign Capital,Frankfurt,Location,1184,1193,0.9848143458366394,False,,
ace4ee34-e145-458d-bf5e-af386e249ea0,Germany Hosts Global Investment Summit to Attract Foreign Capital,Frankfurt,Location,1403,1412,0.9848143458366394,False,,
ace4ee34-e145-458d-bf5e-af386e249ea0,Germany Hosts Global Investment Summit to Attract Foreign Capital,Frankfurt,Location,1556,1565,0.9848143458366394,False,,
ace4ee34-e145-458d-bf5e-af386e249ea0,Germany Hosts Global Investment Summit to Attract Foreign Capital,Hauptstadt,Location,483,493,0.5555398464202881,True,Berlin,Location
ace4ee34-e145-458d-bf5e-af386e249ea0,Germany Hosts Global Investment Summit to Attract Foreign Capital,Hauptstadt,Location,1574,1584,0.5555398464202881,True,Berlin,Location
ace4ee34-e145-458d-bf5e-af386e249ea0,Germany Hosts Global Investment Summit to Attract Foreign Capital,Europe,Location,1593,1599,0.5239607691764832,False,,
ace4ee34-e145-458d-bf5e-af386e249ea0,Germany Hosts Global Investment Summit to Attract Foreign Capital,Munich,Location,1248,1254,0.9592835903167725,False,,
ace4ee34-e145-458d-bf5e-af386e249ea0,Germany Hosts Global Investment Summit to Attract Foreign Capital,Munich,Location,1629,1635,0.9592835903167725,False,,
b8ffd24d-6f02-499e-8ee3-80e537b9e7cd,Germany Launches Transportation Modernization Plan for Sustainable Mobility,Berlin,Location,37,43,0.9658523201942444,True,Berlin,Location
b8ffd24d-6f02-499e-8ee3-80e537b9e7cd,Germany Launches Transportation Modernization Plan for Sustainable Mobility,Berlin,Location,306,312,0.9658523201942444,True,Berlin,Location
b8ffd24d-6f02-499e-8ee3-80e537b9e7cd,Germany Launches Transportation Modernization Plan for Sustainable Mobility,Berlin,Location,990,996,0.9658523201942444,True,Berlin,Location
b8ffd24d-6f02-499e-8ee3-80e537b9e7cd,Germany Launches Transportation Modernization Plan for Sustainable Mobility,Berlin,Location,1141,1147,0.9658523201942444,True,Berlin,Location
b8ffd24d-6f02-499e-8ee3-80e537b9e7cd,Germany Launches Transportation Modernization Plan for Sustainable Mobility,Berlin,Location,1350,1356,0.9658523201942444,True,Berlin,Location
b8ffd24d-6f02-499e-8ee3-80e537b9e7cd,Germany Launches Transportation Modernization Plan for Sustainable Mobility,Olaf Scholz,Person,65,76,0.9540482759475708,True,Olaf Scholz,Person
b8ffd24d-6f02-499e-8ee3-80e537b9e7cd,Germany Launches Transportation Modernization Plan for Sustainable Mobility,Frank-Walter Steinmeier,Person,227,250,0.9496772885322571,True,Frank-Walter Steinmeier,Person
b8ffd24d-6f02-499e-8ee3-80e537b9e7cd,Germany Launches Transportation Modernization Plan for Sustainable Mobility,Berlin,Location,37,43,0.969235897064209,True,Berlin,Location
b8ffd24d-6f02-499e-8ee3-80e537b9e7cd,Germany Launches Transportation Modernization Plan for Sustainable Mobility,Berlin,Location,306,312,0.969235897064209,True,Berlin,Location
b8ffd24d-6f02-499e-8ee3-80e537b9e7cd,Germany Launches Transportation Modernization Plan for Sustainable Mobility,Berlin,Location,990,996,0.969235897064209,True,Berlin,Location
b8ffd24d-6f02-499e-8ee3-80e537b9e7cd,Germany Launches Transportation Modernization Plan for Sustainable Mobility,Berlin,Location,1141,1147,0.969235897064209,True,Berlin,Location
b8ffd24d-6f02-499e-8ee3-80e537b9e7cd,Germany Launches Transportation Modernization Plan for Sustainable Mobility,Berlin,Location,1350,1356,0.969235897064209,True,Berlin,Location
b8ffd24d-6f02-499e-8ee3-80e537b9e7cd,Germany Launches Transportation Modernization Plan for Sustainable Mobility,Foreign Minister,Person,389,405,0.6818695664405823,False,,
b8ffd24d-6f02-499e-8ee3-80e537b9e7cd,Germany Launches Transportation Modernization Plan for Sustainable Mobility,Annalena Baerbock,Person,406,423,0.9786388278007507,True,Annalena Baerbock,Person
b8ffd24d-6f02-499e-8ee3-80e537b9e7cd,Germany Launches Transportation Modernization Plan for Sustainable Mobility,Hauptstadt,Location,197,207,0.7191150784492493,True,Berlin,Location
b8ffd24d-6f02-499e-8ee3-80e537b9e7cd,Germany Launches Transportation Modernization Plan for Sustainable Mobility,Hauptstadt,Location,479,489,0.7191150784492493,True,Berlin,Location
b8ffd24d-6f02-499e-8ee3-80e537b9e7cd,Germany Launches Transportation Modernization Plan for Sustainable Mobility,Hauptstadt,Location,1482,1492,0.7191150784492493,True,Berlin,Location
b8ffd24d-6f02-499e-8ee3-80e537b9e7cd,Germany Launches Transportation Modernization Plan for Sustainable Mobility,Bavaria,Location,503,510,0.8980819582939148,True,Bavaria,Location
b8ffd24d-6f02-499e-8ee3-80e537b9e7cd,Germany Launches Transportation Modernization Plan for Sustainable Mobility,Bavaria,Location,847,854,0.8980819582939148,True,Bavaria,Location
b8ffd24d-6f02-499e-8ee3-80e537b9e7cd,Germany Launches Transportation Modernization Plan for Sustainable Mobility,Bavaria,Location,1223,1230,0.8980819582939148,True,Bavaria,Location
b8ffd24d-6f02-499e-8ee3-80e537b9e7cd,Germany Launches Transportation Modernization Plan for Sustainable Mobility,Siemens AG,Company,566,576,0.9784965515136719,True,Siemens AG,Company
b8ffd24d-6f02-499e-8ee3-80e537b9e7cd,Germany Launches Transportation Modernization Plan for Sustainable Mobility,North Rhine-Westphalia,Location,640,662,0.8901681303977966,True,North Rhine-Westphalia,Location
b8ffd24d-6f02-499e-8ee3-80e537b9e7cd,Germany Launches Transportation Modernization Plan for Sustainable Mobility,Roland Busch,Person,668,680,0.9793524146080017,False,,
b8ffd24d-6f02-499e-8ee3-80e537b9e7cd,Germany Launches Transportation Modernization Plan for Sustainable Mobility,Volkswagen AG,Company,757,770,0.954953670501709,True,Volkswagen AG,Company
b8ffd24d-6f02-499e-8ee3-80e537b9e7cd,Germany Launches Transportation Modernization Plan for Sustainable Mobility,Bavaria,Location,503,510,0.9808063507080078,True,Bavaria,Location
b8ffd24d-6f02-499e-8ee3-80e537b9e7cd,Germany Launches Transportation Modernization Plan for Sustainable Mobility,Bavaria,Location,847,854,0.9808063507080078,True,Bavaria,Location
b8ffd24d-6f02-499e-8ee3-80e537b9e7cd,Germany Launches Transportation Modernization Plan for Sustainable Mobility,Bavaria,Location,1223,1230,0.9808063507080078,True,Bavaria,Location
b8ffd24d-6f02-499e-8ee3-80e537b9e7cd,Germany Launches Transportation Modernization Plan for Sustainable Mobility,Oliver Blume,Person,883,895,0.9555546641349792,False,,
b8ffd24d-6f02-499e-8ee3-80e537b9e7cd,Germany Launches Transportation Modernization Plan for Sustainable Mobility,VW,Company,904,906,0.8335592150688171,True,Volkswagen AG,Company
b8ffd24d-6f02-499e-8ee3-80e537b9e7cd,Germany Launches Transportation Modernization Plan for Sustainable Mobility,Germany,Location,106,113,0.9151409268379211,False,,
b8ffd24d-6f02-499e-8ee3-80e537b9e7cd,Germany Launches Transportation Modernization Plan for Sustainable Mobility,Germany,Location,941,948,0.9151409268379211,False,,
b8ffd24d-6f02-499e-8ee3-80e537b9e7cd,Germany Launches Transportation Modernization Plan for Sustainable Mobility,Germany,Location,1117,1124,0.9151409268379211,False,,
b8ffd24d-6f02-499e-8ee3-80e537b9e7cd,Germany Launches Transportation Modernization Plan for Sustainable Mobility,Germany,Location,1373,1380,0.9151409268379211,False,,
b8ffd24d-6f02-499e-8ee3-80e537b9e7cd,Germany Launches Transportation Modernization Plan for Sustainable Mobility,Deutsche Bahn AG,Company,968,984,0.9787887334823608,False,,
b8ffd24d-6f02-499e-8ee3-80e537b9e7cd,Germany Launches Transportation Modernization Plan for Sustainable Mobility,Berliner,Location,990,998,0.5951390266418457,False,,
b8ffd24d-6f02-499e-8ee3-80e537b9e7cd,Germany Launches Transportation Modernization Plan for Sustainable Mobility,Richard Lutz,Person,1051,1063,0.9493923783302307,False,,
b8ffd24d-6f02-499e-8ee3-80e537b9e7cd,Germany Launches Transportation Modernization Plan for Sustainable Mobility,Deutsche Bahn,Company,968,981,0.9244169592857361,False,,
b8ffd24d-6f02-499e-8ee3-80e537b9e7cd,Germany Launches Transportation Modernization Plan for Sustainable Mobility,Deutsche Bahn,Company,1076,1089,0.9244169592857361,False,,
b8ffd24d-6f02-499e-8ee3-80e537b9e7cd,Germany Launches Transportation Modernization Plan for Sustainable Mobility,Germany,Location,106,113,0.8856106996536255,False,,
b8ffd24d-6f02-499e-8ee3-80e537b9e7cd,Germany Launches Transportation Modernization Plan for Sustainable Mobility,Germany,Location,941,948,0.8856106996536255,False,,
b8ffd24d-6f02-499e-8ee3-80e537b9e7cd,Germany Launches Transportation Modernization Plan for Sustainable Mobility,Germany,Location,1117,1124,0.8856106996536255,False,,
b8ffd24d-6f02-499e-8ee3-80e537b9e7cd,Germany Launches Transportation Modernization Plan for Sustainable Mobility,Germany,Location,1373,1380,0.8856106996536255,False,,
b8ffd24d-6f02-499e-8ee3-80e537b9e7cd,Germany Launches Transportation Modernization Plan for Sustainable Mobility,Berlin,Location,37,43,0.9657702445983887,True,Berlin,Location
b8ffd24d-6f02-499e-8ee3-80e537b9e7cd,Germany Launches Transportation Modernization Plan for Sustainable Mobility,Berlin,Location,306,312,0.9657702445983887,True,Berlin,Location
b8ffd24d-6f02-499e-8ee3-80e537b9e7cd,Germany Launches Transportation Modernization Plan for Sustainable Mobility,Berlin,Location,990,996,0.9657702445983887,True,Berlin,Location
b8ffd24d-6f02-499e-8ee3-80e537b9e7cd,Germany Launches Transportation Modernization Plan for Sustainable Mobility,Berlin,Location,1141,1147,0.9657702445983887,True,Berlin,Location
b8ffd24d-6f02-499e-8ee3-80e537b9e7cd,Germany Launches Transportation Modernization Plan for Sustainable Mobility,Berlin,Location,1350,1356,0.9657702445983887,True,Berlin,Location
b8ffd24d-6f02-499e-8ee3-80e537b9e7cd,Germany Launches Transportation Modernization Plan for Sustainable Mobility,Munich,Location,1200,1206,0.966926634311676,False,,
b8ffd24d-6f02-499e-8ee3-80e537b9e7cd,Germany Launches Transportation Modernization Plan for Sustainable Mobility,Munich,Location,1497,1503,0.966926634311676,False,,
b8ffd24d-6f02-499e-8ee3-80e537b9e7cd,Germany Launches Transportation Modernization Plan for Sustainable Mobility,Düsseldorf,Location,1211,1221,0.9697579741477966,False,,
b8ffd24d-6f02-499e-8ee3-80e537b9e7cd,Germany Launches Transportation Modernization Plan for Sustainable Mobility,Bavaria,Location,503,510,0.8662163615226746,True,Bavaria,Location
b8ffd24d-6f02-499e-8ee3-80e537b9e7cd,Germany Launches Transportation Modernization Plan for Sustainable Mobility,Bavaria,Location,847,854,0.8662163615226746,True,Bavaria,Location
b8ffd24d-6f02-499e-8ee3-80e537b9e7cd,Germany Launches Transportation Modernization Plan for Sustainable Mobility,Bavaria,Location,1223,1230,0.8662163615226746,True,Bavaria,Location
b8ffd24d-6f02-499e-8ee3-80e537b9e7cd,Germany Launches Transportation Modernization Plan for Sustainable Mobility,NRW,Location,1235,1238,0.9075433015823364,True,North Rhine-Westphalia,Location
b8ffd24d-6f02-499e-8ee3-80e537b9e7cd,Germany Launches Transportation Modernization Plan for Sustainable Mobility,Steinmeier,Person,240,250,0.9922444224357605,True,Frank-Walter Steinmeier,Person
b8ffd24d-6f02-499e-8ee3-80e537b9e7cd,Germany Launches Transportation Modernization Plan for Sustainable Mobility,Steinmeier,Person,1291,1301,0.9922444224357605,True,Frank-Walter Steinmeier,Person
b8ffd24d-6f02-499e-8ee3-80e537b9e7cd,Germany Launches Transportation Modernization Plan for Sustainable Mobility,Berlin,Location,37,43,0.9483862519264221,True,Berlin,Location
b8ffd24d-6f02-499e-8ee3-80e537b9e7cd,Germany Launches Transportation Modernization Plan for Sustainable Mobility,Berlin,Location,306,312,0.9483862519264221,True,Berlin,Location
b8ffd24d-6f02-499e-8ee3-80e537b9e7cd,Germany Launches Transportation Modernization Plan for Sustainable Mobility,Berlin,Location,990,996,0.9483862519264221,True,Berlin,Location
b8ffd24d-6f02-499e-8ee3-80e537b9e7cd,Germany Launches Transportation Modernization Plan for Sustainable Mobility,Berlin,Location,1141,1147,0.9483862519264221,True,Berlin,Location
b8ffd24d-6f02-499e-8ee3-80e537b9e7cd,Germany Launches Transportation Modernization Plan for Sustainable Mobility,Berlin,Location,1350,1356,0.9483862519264221,True,Berlin,Location
b8ffd24d-6f02-499e-8ee3-80e537b9e7cd,Germany Launches Transportation Modernization Plan for Sustainable Mobility,Hauptstadt,Location,197,207,0.6122591495513916,True,Berlin,Location
b8ffd24d-6f02-499e-8ee3-80e537b9e7cd,Germany Launches Transportation Modernization Plan for Sustainable Mobility,Hauptstadt,Location,479,489,0.6122591495513916,True,Berlin,Location
b8ffd24d-6f02-499e-8ee3-80e537b9e7cd,Germany Launches Transportation Modernization Plan for Sustainable Mobility,Hauptstadt,Location,1482,1492,0.6122591495513916,True,Berlin,Location
b8ffd24d-6f02-499e-8ee3-80e537b9e7cd,Germany Launches Transportation Modernization Plan for Sustainable Mobility,Munich,Location,1200,1206,0.9436558485031128,False,,
b8ffd24d-6f02-499e-8ee3-80e537b9e7cd,Germany Launches Transportation Modernization Plan for Sustainable Mobility,Munich,Location,1497,1503,0.9436558485031128,False,,
a4909225-0457-4a78-bf52-563f3e381362,United States Leads Trans-Pacific Trade Talks in Washington,Washington D.C.,Location,46,61,0.7685304880142212,True,Washington D.C.,Location
a4909225-0457-4a78-bf52-563f3e381362,United States Leads Trans-Pacific Trade Talks in Washington,Washington D.C.,Location,1072,1087,0.7685304880142212,True,Washington D.C.,Location
a4909225-0457-4a78-bf52-563f3e381362,United States Leads Trans-Pacific Trade Talks in Washington,Mike Johnson,Person,88,100,0.9164204001426697,True,Mike Johnson,Person
a4909225-0457-4a78-bf52-563f3e381362,United States Leads Trans-Pacific Trade Talks in Washington,JD Vance,Person,238,246,0.8277211785316467,True,JD Vance,Person
a4909225-0457-4a78-bf52-563f3e381362,United States Leads Trans-Pacific Trade Talks in Washington,Washington,Location,46,56,0.7495580315589905,True,Washington D.C.,Location
a4909225-0457-4a78-bf52-563f3e381362,United States Leads Trans-Pacific Trade Talks in Washington,Washington,Location,297,307,0.7495580315589905,True,Washington D.C.,Location
a4909225-0457-4a78-bf52-563f3e381362,United States Leads Trans-Pacific Trade Talks in Washington,Washington,Location,1072,1082,0.7495580315589905,True,Washington D.C.,Location
a4909225-0457-4a78-bf52-563f3e381362,United States Leads Trans-Pacific Trade Talks in Washington,Secretary of State,Person,368,386,0.6378614902496338,True,Antony Blinken,Person
a4909225-0457-4a78-bf52-563f3e381362,United States Leads Trans-Pacific Trade Talks in Washington,Antony Blinken,Person,387,401,0.9389218091964722,True,Antony Blinken,Person
a4909225-0457-4a78-bf52-563f3e381362,United States Leads Trans-Pacific Trade Talks in Washington,California,Location,485,495,0.8124639987945557,True,California,Location
a4909225-0457-4a78-bf52-563f3e381362,United States Leads Trans-Pacific Trade Talks in Washington,California,Location,1167,1177,0.8124639987945557,True,California,Location
a4909225-0457-4a78-bf52-563f3e381362,United States Leads Trans-Pacific Trade Talks in Washington,Apple Inc.,Company,551,561,0.9897593259811401,True,Apple Inc.,Company
a4909225-0457-4a78-bf52-563f3e381362,United States Leads Trans-Pacific Trade Talks in Washington,Cupertino,Location,567,576,0.9168159365653992,False,,
a4909225-0457-4a78-bf52-563f3e381362,United States Leads Trans-Pacific Trade Talks in Washington,Asian markets,Location,613,626,0.6496469974517822,False,,
a4909225-0457-4a78-bf52-563f3e381362,United States Leads Trans-Pacific Trade Talks in Washington,Tim Cook,Person,632,640,0.9178956747055054,False,,
a4909225-0457-4a78-bf52-563f3e381362,United States Leads Trans-Pacific Trade Talks in Washington,Apple,Company,551,556,0.9357685446739197,True,Apple Inc.,Company
a4909225-0457-4a78-bf52-563f3e381362,United States Leads Trans-Pacific Trade Talks in Washington,Apple,Company,650,655,0.9357685446739197,True,Apple Inc.,Company
a4909225-0457-4a78-bf52-563f3e381362,United States Leads Trans-Pacific Trade Talks in Washington,Microsoft Corporation,Company,707,728,0.9718263745307922,True,Microsoft Corporation,Company
a4909225-0457-4a78-bf52-563f3e381362,United States Leads Trans-Pacific Trade Talks in Washington,Redmond,Location,734,741,0.8496947288513184,False,,
a4909225-0457-4a78-bf52-563f3e381362,United States Leads Trans-Pacific Trade Talks in Washington,New York City,Location,788,801,0.9367033839225769,True,New York City,Location
a4909225-0457-4a78-bf52-563f3e381362,United States Leads Trans-Pacific Trade Talks in Washington,Satya Nadella,Person,830,843,0.9639938473701477,False,,
a4909225-0457-4a78-bf52-563f3e381362,United States Leads Trans-Pacific Trade Talks in Washington,Microsoft,Company,707,716,0.7971371412277222,True,Microsoft Corporation,Company
a4909225-0457-4a78-bf52-563f3e381362,United States Leads Trans-Pacific Trade Talks in Washington,Microsoft,Company,852,861,0.7971371412277222,True,Microsoft Corporation,Company
a4909225-0457-4a78-bf52-563f3e381362,United States Leads Trans-Pacific Trade Talks in Washington,Boeing,Company,917,923,0.9720532894134521,False,,
a4909225-0457-4a78-bf52-563f3e381362,United States Leads Trans-Pacific Trade Talks in Washington,Boeing,Company,1012,1018,0.9720532894134521,False,,
a4909225-0457-4a78-bf52-563f3e381362,United States Leads Trans-Pacific Trade Talks in Washington,Chicago,Location,929,936,0.8899401426315308,False,,
a4909225-0457-4a78-bf52-563f3e381362,United States Leads Trans-Pacific Trade Talks in Washington,Chicago,Location,1158,1165,0.8899401426315308,False,,
a4909225-0457-4a78-bf52-563f3e381362,United States Leads Trans-Pacific Trade Talks in Washington,David Calhoun,Person,986,999,0.9404343962669373,False,,
a4909225-0457-4a78-bf52-563f3e381362,United States Leads Trans-Pacific Trade Talks in Washington,Boeing,Company,917,923,0.9742762446403503,False,,
a4909225-0457-4a78-bf52-563f3e381362,United States Leads Trans-Pacific Trade Talks in Washington,Boeing,Company,1012,1018,0.9742762446403503,False,,
a4909225-0457-4a78-bf52-563f3e381362,United States Leads Trans-Pacific Trade Talks in Washington,Washington D.C.,Location,46,61,0.7290111780166626,True,Washington D.C.,Location
a4909225-0457-4a78-bf52-563f3e381362,United States Leads Trans-Pacific Trade Talks in Washington,Washington D.C.,Location,1072,1087,0.7290111780166626,True,Washington D.C.,Location
a4909225-0457-4a78-bf52-563f3e381362,United States Leads Trans-Pacific Trade Talks in Washington,San Francisco,Location,1140,1153,0.9192978143692017,False,,
a4909225-0457-4a78-bf52-563f3e381362,United States Leads Trans-Pacific Trade Talks in Washington,Chicago,Location,929,936,0.9405299425125122,False,,
a4909225-0457-4a78-bf52-563f3e381362,United States Leads Trans-Pacific Trade Talks in Washington,Chicago,Location,1158,1165,0.9405299425125122,False,,
a4909225-0457-4a78-bf52-563f3e381362,United States Leads Trans-Pacific Trade Talks in Washington,California,Location,485,495,0.9117124676704407,True,California,Location
a4909225-0457-4a78-bf52-563f3e381362,United States Leads Trans-Pacific Trade Talks in Washington,California,Location,1167,1177,0.9117124676704407,True,California,Location
a4909225-0457-4a78-bf52-563f3e381362,United States Leads Trans-Pacific Trade Talks in Washington,New York,Location,4,12,0.9537864327430725,True,New York City,Location
a4909225-0457-4a78-bf52-563f3e381362,United States Leads Trans-Pacific Trade Talks in Washington,New York,Location,788,796,0.9537864327430725,True,New York City,Location
a4909225-0457-4a78-bf52-563f3e381362,United States Leads Trans-Pacific Trade Talks in Washington,New York,Location,1182,1190,0.9537864327430725,True,New York City,Location
a4909225-0457-4a78-bf52-563f3e381362,United States Leads Trans-Pacific Trade Talks in Washington,New York,Location,1454,1462,0.9537864327430725,True,New York City,Location
a4909225-0457-4a78-bf52-563f3e381362,United States Leads Trans-Pacific Trade Talks in Washington,Vance,Person,241,246,0.975395917892456,True,JD Vance,Person
a4909225-0457-4a78-bf52-563f3e381362,United States Leads Trans-Pacific Trade Talks in Washington,Vance,Person,1237,1242,0.975395917892456,True,JD Vance,Person
a4909225-0457-4a78-bf52-563f3e381362,United States Leads Trans-Pacific Trade Talks in Washington,VP,Person,1248,1250,0.621964693069458,False,,
a4909225-0457-4a78-bf52-563f3e381362,United States Leads Trans-Pacific Trade Talks in Washington,D.C.,Location,57,61,0.7476947903633118,True,Washington D.C.,Location
a4909225-0457-4a78-bf52-563f3e381362,United States Leads Trans-Pacific Trade Talks in Washington,D.C.,Location,1083,1087,0.7476947903633118,True,Washington D.C.,Location
a4909225-0457-4a78-bf52-563f3e381362,United States Leads Trans-Pacific Trade Talks in Washington,D.C.,Location,1286,1290,0.7476947903633118,True,Washington D.C.,Location
a4909225-0457-4a78-bf52-563f3e381362,United States Leads Trans-Pacific Trade Talks in Washington,Analysts,Person,1397,1405,0.8654258251190186,False,,
a4909225-0457-4a78-bf52-563f3e381362,United States Leads Trans-Pacific Trade Talks in Washington,federal city,Location,313,325,0.5608521103858948,False,,
a4909225-0457-4a78-bf52-563f3e381362,United States Leads Trans-Pacific Trade Talks in Washington,federal city,Location,1414,1426,0.5608521103858948,False,,
a4909225-0457-4a78-bf52-563f3e381362,United States Leads Trans-Pacific Trade Talks in Washington,New York,Location,4,12,0.9014634490013123,True,New York City,Location
a4909225-0457-4a78-bf52-563f3e381362,United States Leads Trans-Pacific Trade Talks in Washington,New York,Location,788,796,0.9014634490013123,True,New York City,Location
a4909225-0457-4a78-bf52-563f3e381362,United States Leads Trans-Pacific Trade Talks in Washington,New York,Location,1182,1190,0.9014634490013123,True,New York City,Location
a4909225-0457-4a78-bf52-563f3e381362,United States Leads Trans-Pacific Trade Talks in Washington,New York,Location,1454,1462,0.9014634490013123,True,New York City,Location
13f482a2-0d59-4db9-b7ab-fa697162b853,United States Invests in Renewable Energy for Green Future,Washington,Location,4,14,0.7159087657928467,True,Washington D.C.,Location
13f482a2-0d59-4db9-b7ab-fa697162b853,United States Invests in Renewable Energy for Green Future,Washington,Location,47,57,0.7159087657928467,True,Washington D.C.,Location
13f482a2-0d59-4db9-b7ab-fa697162b853,United States Invests in Renewable Energy for Green Future,Washington,Location,297,307,0.7159087657928467,True,Washington D.C.,Location
13f482a2-0d59-4db9-b7ab-fa697162b853,United States Invests in Renewable Energy for Green Future,Washington,Location,1102,1112,0.7159087657928467,True,Washington D.C.,Location
13f482a2-0d59-4db9-b7ab-fa697162b853,United States Invests in Renewable Energy for Green Future,Washington D.C.,Location,47,62,0.7276349067687988,True,Washington D.C.,Location
13f482a2-0d59-4db9-b7ab-fa697162b853,United States Invests in Renewable Energy for Green Future,Washington D.C.,Location,1102,1117,0.7276349067687988,True,Washington D.C.,Location
13f482a2-0d59-4db9-b7ab-fa697162b853,United States Invests in Renewable Energy for Green Future,Mike Johnson,Person,89,101,0.9139989018440247,True,Mike Johnson,Person
13f482a2-0d59-4db9-b7ab-fa697162b853,United States Invests in Renewable Energy for Green Future,JD Vance,Person,238,246,0.8503895998001099,True,JD Vance,Person
13f482a2-0d59-4db9-b7ab-fa697162b853,United States Invests in Renewable Energy for Green Future,Washington,Location,4,14,0.7317913770675659,True,Washington D.C.,Location
13f482a2-0d59-4db9-b7ab-fa697162b853,United States Invests in Renewable Energy for Green Future,Washington,Location,47,57,0.7317913770675659,True,Washington D.C.,Location
13f482a2-0d59-4db9-b7ab-fa697162b853,United States Invests in Renewable Energy for Green Future,Washington,Location,297,307,0.7317913770675659,True,Washington D.C.,Location
13f482a2-0d59-4db9-b7ab-fa697162b853,United States Invests in Renewable Energy for Green Future,Washington,Location,1102,1112,0.7317913770675659,True,Washington D.C.,Location
13f482a2-0d59-4db9-b7ab-fa697162b853,United States Invests in Renewable Energy for Green Future,Secretary of Energy,Person,381,400,0.7057954668998718,False,,
13f482a2-0d59-4db9-b7ab-fa697162b853,United States Invests in Renewable Energy for Green Future,Jennifer Granholm,Person,401,418,0.9765699505805969,False,,
13f482a2-0d59-4db9-b7ab-fa697162b853,United States Invests in Renewable Energy for Green Future,America,Location,333,340,0.5156154632568359,False,,
13f482a2-0d59-4db9-b7ab-fa697162b853,United States Invests in Renewable Energy for Green Future,America,Location,420,427,0.5156154632568359,False,,
13f482a2-0d59-4db9-b7ab-fa697162b853,United States Invests in Renewable Energy for Green Future,America,Location,705,712,0.5156154632568359,False,,
13f482a2-0d59-4db9-b7ab-fa697162b853,United States Invests in Renewable Energy for Green Future,America,Location,1076,1083,0.5156154632568359,False,,
13f482a2-0d59-4db9-b7ab-fa697162b853,United States Invests in Renewable Energy for Green Future,America,Location,1329,1336,0.5156154632568359,False,,
13f482a2-0d59-4db9-b7ab-fa697162b853,United States Invests in Renewable Energy for Green Future,California,Location,496,506,0.8499800562858582,True,California,Location
13f482a2-0d59-4db9-b7ab-fa697162b853,United States Invests in Renewable Energy for Green Future,California,Location,1204,1214,0.8499800562858582,True,California,Location
13f482a2-0d59-4db9-b7ab-fa697162b853,United States Invests in Renewable Energy for Green Future,Tesla Inc.,Company,567,577,0.9768949747085571,False,,
13f482a2-0d59-4db9-b7ab-fa697162b853,United States Invests in Renewable Energy for Green Future,Palo Alto,Location,583,592,0.901578962802887,False,,
13f482a2-0d59-4db9-b7ab-fa697162b853,United States Invests in Renewable Energy for Green Future,Texas,Location,641,646,0.9128121137619019,True,Texas,Location
13f482a2-0d59-4db9-b7ab-fa697162b853,United States Invests in Renewable Energy for Green Future,Texas,Location,1219,1224,0.9128121137619019,True,Texas,Location
13f482a2-0d59-4db9-b7ab-fa697162b853,United States Invests in Renewable Energy for Green Future,Elon Musk,Person,652,661,0.9724079966545105,False,,
13f482a2-0d59-4db9-b7ab-fa697162b853,United States Invests in Renewable Energy for Green Future,Tesla,Company,567,572,0.981590986251831,False,,
13f482a2-0d59-4db9-b7ab-fa697162b853,United States Invests in Renewable Energy for Green Future,Tesla,Company,671,676,0.981590986251831,False,,
13f482a2-0d59-4db9-b7ab-fa697162b853,United States Invests in Renewable Energy for Green Future,General Electric,Company,736,752,0.9765046834945679,False,,
13f482a2-0d59-4db9-b7ab-fa697162b853,United States Invests in Renewable Energy for Green Future,Boston,Location,758,764,0.8465809226036072,False,,
13f482a2-0d59-4db9-b7ab-fa697162b853,United States Invests in Renewable Energy for Green Future,Boston,Location,1196,1202,0.8465809226036072,False,,
13f482a2-0d59-4db9-b7ab-fa697162b853,United States Invests in Renewable Energy for Green Future,New York,Location,804,812,0.962293267250061,True,New York City,Location
13f482a2-0d59-4db9-b7ab-fa697162b853,United States Invests in Renewable Energy for Green Future,New York,Location,1441,1449,0.962293267250061,True,New York City,Location
13f482a2-0d59-4db9-b7ab-fa697162b853,United States Invests in Renewable Energy for Green Future,Larry Culp,Person,841,851,0.9590927362442017,False,,
13f482a2-0d59-4db9-b7ab-fa697162b853,United States Invests in Renewable Energy for Green Future,GE,Company,860,862,0.6053788065910339,False,,
13f482a2-0d59-4db9-b7ab-fa697162b853,United States Invests in Renewable Energy for Green Future,NextEra Energy,Company,914,928,0.9816672801971436,False,,
13f482a2-0d59-4db9-b7ab-fa697162b853,United States Invests in Renewable Energy for Green Future,Juno Beach,Location,934,944,0.5924239158630371,False,,
13f482a2-0d59-4db9-b7ab-fa697162b853,United States Invests in Renewable Energy for Green Future,Florida,Location,990,997,0.9355741739273071,False,,
13f482a2-0d59-4db9-b7ab-fa697162b853,United States Invests in Renewable Energy for Green Future,John Ketchum,Person,1008,1020,0.9703769683837891,False,,
13f482a2-0d59-4db9-b7ab-fa697162b853,United States Invests in Renewable Energy for Green Future,Washington D.C.,Location,47,62,0.836776614189148,True,Washington D.C.,Location
13f482a2-0d59-4db9-b7ab-fa697162b853,United States Invests in Renewable Energy for Green Future,Washington D.C.,Location,1102,1117,0.836776614189148,True,Washington D.C.,Location
13f482a2-0d59-4db9-b7ab-fa697162b853,United States Invests in Renewable Energy for Green Future,San Francisco,Location,1178,1191,0.8908796310424805,False,,
13f482a2-0d59-4db9-b7ab-fa697162b853,United States Invests in Renewable Energy for Green Future,Boston,Location,758,764,0.9177101850509644,False,,
13f482a2-0d59-4db9-b7ab-fa697162b853,United States Invests in Renewable Energy for Green Future,Boston,Location,1196,1202,0.9177101850509644,False,,
13f482a2-0d59-4db9-b7ab-fa697162b853,United States Invests in Renewable Energy for Green Future,California,Location,496,506,0.8752698302268982,True,California,Location
13f482a2-0d59-4db9-b7ab-fa697162b853,United States Invests in Renewable Energy for Green Future,California,Location,1204,1214,0.8752698302268982,True,California,Location
13f482a2-0d59-4db9-b7ab-fa697162b853,United States Invests in Renewable Energy for Green Future,Texas,Location,641,646,0.9497422575950623,True,Texas,Location
13f482a2-0d59-4db9-b7ab-fa697162b853,United States Invests in Renewable Energy for Green Future,Texas,Location,1219,1224,0.9497422575950623,True,Texas,Location
13f482a2-0d59-4db9-b7ab-fa697162b853,United States Invests in Renewable Energy for Green Future,Vance,Person,241,246,0.9810627102851868,True,JD Vance,Person
13f482a2-0d59-4db9-b7ab-fa697162b853,United States Invests in Renewable Energy for Green Future,Vance,Person,1271,1276,0.9810627102851868,True,JD Vance,Person
13f482a2-0d59-4db9-b7ab-fa697162b853,United States Invests in Renewable Energy for Green Future,VP,Person,1282,1284,0.714825451374054,False,,
13f482a2-0d59-4db9-b7ab-fa697162b853,United States Invests in Renewable Energy for Green Future,D.C.,Location,58,62,0.824752151966095,True,Washington D.C.,Location
13f482a2-0d59-4db9-b7ab-fa697162b853,United States Invests in Renewable Energy for Green Future,D.C.,Location,1113,1117,0.824752151966095,True,Washington D.C.,Location
13f482a2-0d59-4db9-b7ab-fa697162b853,United States Invests in Renewable Energy for Green Future,D.C.,Location,1308,1312,0.824752151966095,True,Washington D.C.,Location
13f482a2-0d59-4db9-b7ab-fa697162b853,United States Invests in Renewable Energy for Green Future,Analysts,Company,1407,1415,0.583669900894165,False,,
13f482a2-0d59-4db9-b7ab-fa697162b853,United States Invests in Renewable Energy for Green Future,New York,Location,804,812,0.921291708946228,True,New York City,Location
13f482a2-0d59-4db9-b7ab-fa697162b853,United States Invests in Renewable Energy for Green Future,New York,Location,1441,1449,0.921291708946228,True,New York City,Location
13f482a2-0d59-4db9-b7ab-fa697162b853,United States Invests in Renewable Energy for Green Future,Chicago,Location,1488,1495,0.7591476440429688,False,,
8fb82aaf-c922-4512-9359-7da9d999b8bf,United States Unveils Education Reform to Boost Digital Learning,Washington,Location,4,14,0.6782591342926025,True,Washington D.C.,Location
8fb82aaf-c922-4512-9359-7da9d999b8bf,United States Unveils Education Reform to Boost Digital Learning,Washington,Location,44,54,0.6782591342926025,True,Washington D.C.,Location
8fb82aaf-c922-4512-9359-7da9d999b8bf,United States Unveils Education Reform to Boost Digital Learning,Washington,Location,281,291,0.6782591342926025,True,Washington D.C.,Location
8fb82aaf-c922-4512-9359-7da9d999b8bf,United States Unveils Education Reform to Boost Digital Learning,Washington,Location,1095,1105,0.6782591342926025,True,Washington D.C.,Location
8fb82aaf-c922-4512-9359-7da9d999b8bf,United States Unveils Education Reform to Boost Digital Learning,Washington D.C.,Location,44,59,0.7263988852500916,True,Washington D.C.,Location
8fb82aaf-c922-4512-9359-7da9d999b8bf,United States Unveils Education Reform to Boost Digital Learning,Washington D.C.,Location,1095,1110,0.7263988852500916,True,Washington D.C.,Location
8fb82aaf-c922-4512-9359-7da9d999b8bf,United States Unveils Education Reform to Boost Digital Learning,Mike Johnson,Person,83,95,0.913800060749054,True,Mike Johnson,Person
8fb82aaf-c922-4512-9359-7da9d999b8bf,United States Unveils Education Reform to Boost Digital Learning,JD Vance,Person,234,242,0.7916110157966614,True,JD Vance,Person
8fb82aaf-c922-4512-9359-7da9d999b8bf,United States Unveils Education Reform to Boost Digital Learning,Washington,Location,4,14,0.6858746409416199,True,Washington D.C.,Location
8fb82aaf-c922-4512-9359-7da9d999b8bf,United States Unveils Education Reform to Boost Digital Learning,Washington,Location,44,54,0.6858746409416199,True,Washington D.C.,Location
8fb82aaf-c922-4512-9359-7da9d999b8bf,United States Unveils Education Reform to Boost Digital Learning,Washington,Location,281,291,0.6858746409416199,True,Washington D.C.,Location
8fb82aaf-c922-4512-9359-7da9d999b8bf,United States Unveils Education Reform to Boost Digital Learning,Washington,Location,1095,1105,0.6858746409416199,True,Washington D.C.,Location
8fb82aaf-c922-4512-9359-7da9d999b8bf,United States Unveils Education Reform to Boost Digital Learning,Secretary of Education,Person,362,384,0.6811854839324951,False,,
8fb82aaf-c922-4512-9359-7da9d999b8bf,United States Unveils Education Reform to Boost Digital Learning,Miguel Cardona,Person,385,399,0.94886314868927,False,,
8fb82aaf-c922-4512-9359-7da9d999b8bf,United States Unveils Education Reform to Boost Digital Learning,California,Location,492,502,0.8557382822036743,True,California,Location
8fb82aaf-c922-4512-9359-7da9d999b8bf,United States Unveils Education Reform to Boost Digital Learning,California,Location,1200,1210,0.8557382822036743,True,California,Location
8fb82aaf-c922-4512-9359-7da9d999b8bf,United States Unveils Education Reform to Boost Digital Learning,Microsoft Corporation,Company,555,576,0.9863135814666748,True,Microsoft Corporation,Company
8fb82aaf-c922-4512-9359-7da9d999b8bf,United States Unveils Education Reform to Boost Digital Learning,Redmond,Location,582,589,0.84051913022995,False,,
8fb82aaf-c922-4512-9359-7da9d999b8bf,United States Unveils Education Reform to Boost Digital Learning,Texas,Location,644,649,0.8429557085037231,True,Texas,Location
8fb82aaf-c922-4512-9359-7da9d999b8bf,United States Unveils Education Reform to Boost Digital Learning,Texas,Location,1215,1220,0.8429557085037231,True,Texas,Location
8fb82aaf-c922-4512-9359-7da9d999b8bf,United States Unveils Education Reform to Boost Digital Learning,Satya Nadella,Person,663,676,0.9315388798713684,False,,
8fb82aaf-c922-4512-9359-7da9d999b8bf,United States Unveils Education Reform to Boost Digital Learning,Microsoft,Company,555,564,0.7425342202186584,True,Microsoft Corporation,Company
8fb82aaf-c922-4512-9359-7da9d999b8bf,United States Unveils Education Reform to Boost Digital Learning,Microsoft,Company,686,695,0.7425342202186584,True,Microsoft Corporation,Company
8fb82aaf-c922-4512-9359-7da9d999b8bf,United States Unveils Education Reform to Boost Digital Learning,Apple Inc.,Company,744,754,0.9831463694572449,True,Apple Inc.,Company
8fb82aaf-c922-4512-9359-7da9d999b8bf,United States Unveils Education Reform to Boost Digital Learning,Cupertino,Location,760,769,0.9307130575180054,False,,
8fb82aaf-c922-4512-9359-7da9d999b8bf,United States Unveils Education Reform to Boost Digital Learning,New York,Location,811,819,0.8949649930000305,True,New York City,Location
8fb82aaf-c922-4512-9359-7da9d999b8bf,United States Unveils Education Reform to Boost Digital Learning,New York,Location,1458,1466,0.8949649930000305,True,New York City,Location
8fb82aaf-c922-4512-9359-7da9d999b8bf,United States Unveils Education Reform to Boost Digital Learning,Tim Cook,Person,836,844,0.9731177687644958,False,,
8fb82aaf-c922-4512-9359-7da9d999b8bf,United States Unveils Education Reform to Boost Digital Learning,Apple,Company,744,749,0.9323952198028564,True,Apple Inc.,Company
8fb82aaf-c922-4512-9359-7da9d999b8bf,United States Unveils Education Reform to Boost Digital Learning,Apple,Company,853,858,0.9323952198028564,True,Apple Inc.,Company
8fb82aaf-c922-4512-9359-7da9d999b8bf,United States Unveils Education Reform to Boost Digital Learning,Google,Company,907,913,0.9820137619972229,True,Alphabet Inc.,Company
8fb82aaf-c922-4512-9359-7da9d999b8bf,United States Unveils Education Reform to Boost Digital Learning,Google,Company,1026,1032,0.9820137619972229,True,Alphabet Inc.,Company
8fb82aaf-c922-4512-9359-7da9d999b8bf,United States Unveils Education Reform to Boost Digital Learning,Mountain View,Location,919,932,0.9182763695716858,False,,
8fb82aaf-c922-4512-9359-7da9d999b8bf,United States Unveils Education Reform to Boost Digital Learning,Florida,Location,982,989,0.9126906394958496,False,,
8fb82aaf-c922-4512-9359-7da9d999b8bf,United States Unveils Education Reform to Boost Digital Learning,Sundar Pichai,Person,1000,1013,0.9534542560577393,False,,
8fb82aaf-c922-4512-9359-7da9d999b8bf,United States Unveils Education Reform to Boost Digital Learning,Google,Company,907,913,0.9854953289031982,True,Alphabet Inc.,Company
8fb82aaf-c922-4512-9359-7da9d999b8bf,United States Unveils Education Reform to Boost Digital Learning,Google,Company,1026,1032,0.9854953289031982,True,Alphabet Inc.,Company
8fb82aaf-c922-4512-9359-7da9d999b8bf,United States Unveils Education Reform to Boost Digital Learning,Washington D.C.,Location,44,59,0.6607009172439575,True,Washington D.C.,Location
8fb82aaf-c922-4512-9359-7da9d999b8bf,United States Unveils Education Reform to Boost Digital Learning,Washington D.C.,Location,1095,1110,0.6607009172439575,True,Washington D.C.,Location
8fb82aaf-c922-4512-9359-7da9d999b8bf,United States Unveils Education Reform to Boost Digital Learning,San Francisco,Location,1174,1187,0.9045988321304321,False,,
8fb82aaf-c922-4512-9359-7da9d999b8bf,United States Unveils Education Reform to Boost Digital Learning,Austin,Location,1192,1198,0.9272817373275757,False,,
8fb82aaf-c922-4512-9359-7da9d999b8bf,United States Unveils Education Reform to Boost Digital Learning,California,Location,492,502,0.930083692073822,True,California,Location
8fb82aaf-c922-4512-9359-7da9d999b8bf,United States Unveils Education Reform to Boost Digital Learning,California,Location,1200,1210,0.930083692073822,True,California,Location
8fb82aaf-c922-4512-9359-7da9d999b8bf,United States Unveils Education Reform to Boost Digital Learning,Texas,Location,644,649,0.96647047996521,True,Texas,Location
8fb82aaf-c922-4512-9359-7da9d999b8bf,United States Unveils Education Reform to Boost Digital Learning,Texas,Location,1215,1220,0.96647047996521,True,Texas,Location
8fb82aaf-c922-4512-9359-7da9d999b8bf,United States Unveils Education Reform to Boost Digital Learning,Vance,Person,237,242,0.9774959087371826,True,JD Vance,Person
8fb82aaf-c922-4512-9359-7da9d999b8bf,United States Unveils Education Reform to Boost Digital Learning,Vance,Person,1269,1274,0.9774959087371826,True,JD Vance,Person
8fb82aaf-c922-4512-9359-7da9d999b8bf,United States Unveils Education Reform to Boost Digital Learning,VP,Person,1280,1282,0.6629327535629272,False,,
8fb82aaf-c922-4512-9359-7da9d999b8bf,United States Unveils Education Reform to Boost Digital Learning,D.C.,Location,55,59,0.7663450837135315,True,Washington D.C.,Location
8fb82aaf-c922-4512-9359-7da9d999b8bf,United States Unveils Education Reform to Boost Digital Learning,D.C.,Location,1106,1110,0.7663450837135315,True,Washington D.C.,Location
8fb82aaf-c922-4512-9359-7da9d999b8bf,United States Unveils Education Reform to Boost Digital Learning,D.C.,Location,1316,1320,0.7663450837135315,True,Washington D.C.,Location
8fb82aaf-c922-4512-9359-7da9d999b8bf,United States Unveils Education Reform to Boost Digital Learning,Analysts,Person,1424,1432,0.8828094601631165,False,,
8fb82aaf-c922-4512-9359-7da9d999b8bf,United States Unveils Education Reform to Boost Digital Learning,New York,Location,811,819,0.9376904964447021,True,New York City,Location
8fb82aaf-c922-4512-9359-7da9d999b8bf,United States Unveils Education Reform to Boost Digital Learning,New York,Location,1458,1466,0.9376904964447021,True,New York City,Location
8fb82aaf-c922-4512-9359-7da9d999b8bf,United States Unveils Education Reform to Boost Digital Learning,Chicago,Location,1505,1512,0.8876209259033203,False,,
08e6f75d-c9eb-441e-b605-3258174be4b6,United States Introduces Comprehensive AI Regulation Act,Washington D.C.,Location,45,60,0.841742753982544,True,Washington D.C.,Location
08e6f75d-c9eb-441e-b605-3258174be4b6,United States Introduces Comprehensive AI Regulation Act,Mike Johnson,Person,339,351,0.8897312879562378,True,Mike Johnson,Person
08e6f75d-c9eb-441e-b605-3258174be4b6,United States Introduces Comprehensive AI Regulation Act,America,Location,513,520,0.7353405952453613,False,,
08e6f75d-c9eb-441e-b605-3258174be4b6,United States Introduces Comprehensive AI Regulation Act,Capitol Hill,Location,671,683,0.9529877305030823,False,,
08e6f75d-c9eb-441e-b605-3258174be4b6,United States Introduces Comprehensive AI Regulation Act,The Republican Speaker,Person,685,707,0.947460949420929,True,Mike Johnson,Person
08e6f75d-c9eb-441e-b605-3258174be4b6,United States Introduces Comprehensive AI Regulation Act,Cupertino-based company,Company,925,948,0.751812219619751,False,,
08e6f75d-c9eb-441e-b605-3258174be4b6,United States Introduces Comprehensive AI Regulation Act,Redmond-based company,Company,957,978,0.6094939708709717,False,,
08e6f75d-c9eb-441e-b605-3258174be4b6,United States Introduces Comprehensive AI Regulation Act,Apple Inc.,Company,1072,1082,0.9714564681053162,True,Apple Inc.,Company
08e6f75d-c9eb-441e-b605-3258174be4b6,United States Introduces Comprehensive AI Regulation Act,Tim Cook,Person,1095,1103,0.9908531308174133,False,,
08e6f75d-c9eb-441e-b605-3258174be4b6,United States Introduces Comprehensive AI Regulation Act,Microsoft Corporation,Company,1329,1350,0.9671297669410706,True,Microsoft Corporation,Company
08e6f75d-c9eb-441e-b605-3258174be4b6,United States Introduces Comprehensive AI Regulation Act,Satya Nadella,Person,1431,1444,0.9793270230293274,False,,
08e6f75d-c9eb-441e-b605-3258174be4b6,United States Introduces Comprehensive AI Regulation Act,software giant,Company,1555,1569,0.7129284739494324,False,,
08e6f75d-c9eb-441e-b605-3258174be4b6,United States Introduces Comprehensive AI Regulation Act,Washington,Location,4,14,0.6623131036758423,True,Washington D.C.,Location
08e6f75d-c9eb-441e-b605-3258174be4b6,United States Introduces Comprehensive AI Regulation Act,Washington,Location,45,55,0.6623131036758423,True,Washington D.C.,Location
08e6f75d-c9eb-441e-b605-3258174be4b6,United States Introduces Comprehensive AI Regulation Act,Washington,Location,1672,1682,0.6623131036758423,True,Washington D.C.,Location
08e6f75d-c9eb-441e-b605-3258174be4b6,United States Introduces Comprehensive AI Regulation Act,California,Location,1812,1822,0.9199535846710205,True,California,Location
08e6f75d-c9eb-441e-b605-3258174be4b6,United States Introduces Comprehensive AI Regulation Act,California,Location,1842,1852,0.9199535846710205,True,California,Location
08e6f75d-c9eb-441e-b605-3258174be4b6,United States Introduces Comprehensive AI Regulation Act,California,Location,2096,2106,0.9199535846710205,True,California,Location
08e6f75d-c9eb-441e-b605-3258174be4b6,United States Introduces Comprehensive AI Regulation Act,New York City,Location,1827,1840,0.9348621964454651,True,New York City,Location
08e6f75d-c9eb-441e-b605-3258174be4b6,United States Introduces Comprehensive AI Regulation Act,California,Location,1812,1822,0.97774738073349,True,California,Location
08e6f75d-c9eb-441e-b605-3258174be4b6,United States Introduces Comprehensive AI Regulation Act,California,Location,1842,1852,0.97774738073349,True,California,Location
08e6f75d-c9eb-441e-b605-3258174be4b6,United States Introduces Comprehensive AI Regulation Act,California,Location,2096,2106,0.97774738073349,True,California,Location
08e6f75d-c9eb-441e-b605-3258174be4b6,United States Introduces Comprehensive AI Regulation Act,Gavin Newsom,Person,1862,1874,0.9525774121284485,False,,
08e6f75d-c9eb-441e-b605-3258174be4b6,United States Introduces Comprehensive AI Regulation Act,Golden State,Location,1916,1928,0.876051664352417,False,,
08e6f75d-c9eb-441e-b605-3258174be4b6,United States Introduces Comprehensive AI Regulation Act,Silicon Valley,Location,1938,1952,0.9505590796470642,False,,
08e6f75d-c9eb-441e-b605-3258174be4b6,United States Introduces Comprehensive AI Regulation Act,California,Location,1812,1822,0.9593597650527954,True,California,Location
08e6f75d-c9eb-441e-b605-3258174be4b6,United States Introduces Comprehensive AI Regulation Act,California,Location,1842,1852,0.9593597650527954,True,California,Location
08e6f75d-c9eb-441e-b605-3258174be4b6,United States Introduces Comprehensive AI Regulation Act,California,Location,2096,2106,0.9593597650527954,True,California,Location
08e6f75d-c9eb-441e-b605-3258174be4b6,United States Introduces Comprehensive AI Regulation Act,Vice President JD Vance,Person,2233,2256,0.9063606262207031,False,,
08e6f75d-c9eb-441e-b605-3258174be4b6,United States Introduces Comprehensive AI Regulation Act,Europe,Location,2597,2603,0.8312535285949707,False,,
08e6f75d-c9eb-441e-b605-3258174be4b6,United States Introduces Comprehensive AI Regulation Act,Asia,Location,2608,2612,0.7942420244216919,False,,
08e6f75d-c9eb-441e-b605-3258174be4b6,United States Introduces Comprehensive AI Regulation Act,District of Columbia,Location,2618,2638,0.9428210854530334,True,Washington D.C.,Location
d047a981-5775-42b5-bb0e-867b474200eb,United States Launches Climate Action Plan for Carbon Neutrality,Washington D.C.,Location,44,59,0.7039680480957031,True,Washington D.C.,Location
d047a981-5775-42b5-bb0e-867b474200eb,United States Launches Climate Action Plan for Carbon Neutrality,Washington D.C.,Location,1099,1114,0.7039680480957031,True,Washington D.C.,Location
d047a981-5775-42b5-bb0e-867b474200eb,United States Launches Climate Action Plan for Carbon Neutrality,Mike Johnson,Person,84,96,0.9110314249992371,True,Mike Johnson,Person
d047a981-5775-42b5-bb0e-867b474200eb,United States Launches Climate Action Plan for Carbon Neutrality,JD Vance,Person,243,251,0.8064411282539368,True,JD Vance,Person
d047a981-5775-42b5-bb0e-867b474200eb,United States Launches Climate Action Plan for Carbon Neutrality,Washington,Location,44,54,0.7817201614379883,True,Washington D.C.,Location
d047a981-5775-42b5-bb0e-867b474200eb,United States Launches Climate Action Plan for Carbon Neutrality,Washington,Location,306,316,0.7817201614379883,True,Washington D.C.,Location
d047a981-5775-42b5-bb0e-867b474200eb,United States Launches Climate Action Plan for Carbon Neutrality,Washington,Location,1099,1109,0.7817201614379883,True,Washington D.C.,Location
d047a981-5775-42b5-bb0e-867b474200eb,United States Launches Climate Action Plan for Carbon Neutrality,Secretary of Energy,Person,386,405,0.7220945954322815,False,,
d047a981-5775-42b5-bb0e-867b474200eb,United States Launches Climate Action Plan for Carbon Neutrality,Jennifer Granholm,Person,406,423,0.9767086505889893,False,,
d047a981-5775-42b5-bb0e-867b474200eb,United States Launches Climate Action Plan for Carbon Neutrality,America,Location,342,349,0.539248526096344,False,,
d047a981-5775-42b5-bb0e-867b474200eb,United States Launches Climate Action Plan for Carbon Neutrality,America,Location,425,432,0.539248526096344,False,,
d047a981-5775-42b5-bb0e-867b474200eb,United States Launches Climate Action Plan for Carbon Neutrality,America,Location,704,711,0.539248526096344,False,,
d047a981-5775-42b5-bb0e-867b474200eb,United States Launches Climate Action Plan for Carbon Neutrality,America,Location,1068,1075,0.539248526096344,False,,
d047a981-5775-42b5-bb0e-867b474200eb,United States Launches Climate Action Plan for Carbon Neutrality,America,Location,1325,1332,0.539248526096344,False,,
d047a981-5775-42b5-bb0e-867b474200eb,United States Launches Climate Action Plan for Carbon Neutrality,California,Location,503,513,0.8192610740661621,True,California,Location
d047a981-5775-42b5-bb0e-867b474200eb,United States Launches Climate Action Plan for Carbon Neutrality,California,Location,1192,1202,0.8192610740661621,True,California,Location
d047a981-5775-42b5-bb0e-867b474200eb,United States Launches Climate Action Plan for Carbon Neutrality,Tesla Inc.,Company,569,579,0.9779301881790161,False,,
d047a981-5775-42b5-bb0e-867b474200eb,United States Launches Climate Action Plan for Carbon Neutrality,Palo Alto,Location,585,594,0.9013463854789734,False,,
d047a981-5775-42b5-bb0e-867b474200eb,United States Launches Climate Action Plan for Carbon Neutrality,Texas,Location,640,645,0.9135991334915161,True,Texas,Location
d047a981-5775-42b5-bb0e-867b474200eb,United States Launches Climate Action Plan for Carbon Neutrality,Texas,Location,1207,1212,0.9135991334915161,True,Texas,Location
d047a981-5775-42b5-bb0e-867b474200eb,United States Launches Climate Action Plan for Carbon Neutrality,Elon Musk,Person,651,660,0.9571825265884399,False,,
d047a981-5775-42b5-bb0e-867b474200eb,United States Launches Climate Action Plan for Carbon Neutrality,Tesla,Company,569,574,0.9701017737388611,False,,
d047a981-5775-42b5-bb0e-867b474200eb,United States Launches Climate Action Plan for Carbon Neutrality,Tesla,Company,670,675,0.9701017737388611,False,,
d047a981-5775-42b5-bb0e-867b474200eb,United States Launches Climate Action Plan for Carbon Neutrality,Exxon Mobil,Company,731,742,0.9744639992713928,False,,
d047a981-5775-42b5-bb0e-867b474200eb,United States Launches Climate Action Plan for Carbon Neutrality,Houston,Location,748,755,0.8710978627204895,False,,
d047a981-5775-42b5-bb0e-867b474200eb,United States Launches Climate Action Plan for Carbon Neutrality,Houston,Location,1183,1190,0.8710978627204895,False,,
d047a981-5775-42b5-bb0e-867b474200eb,United States Launches Climate Action Plan for Carbon Neutrality,New York,Location,4,12,0.9490714073181152,True,New York City,Location
d047a981-5775-42b5-bb0e-867b474200eb,United States Launches Climate Action Plan for Carbon Neutrality,New York,Location,801,809,0.9490714073181152,True,New York City,Location
d047a981-5775-42b5-bb0e-867b474200eb,United States Launches Climate Action Plan for Carbon Neutrality,New York,Location,1445,1453,0.9490714073181152,True,New York City,Location
d047a981-5775-42b5-bb0e-867b474200eb,United States Launches Climate Action Plan for Carbon Neutrality,Darren Woods,Person,838,850,0.9542444348335266,False,,
d047a981-5775-42b5-bb0e-867b474200eb,United States Launches Climate Action Plan for Carbon Neutrality,Exxon,Company,731,736,0.6490505933761597,True,Exxon Mobil Corporation,Company
d047a981-5775-42b5-bb0e-867b474200eb,United States Launches Climate Action Plan for Carbon Neutrality,Exxon,Company,859,864,0.6490505933761597,True,Exxon Mobil Corporation,Company
d047a981-5775-42b5-bb0e-867b474200eb,United States Launches Climate Action Plan for Carbon Neutrality,NextEra Energy,Company,911,925,0.9851754307746887,False,,
d047a981-5775-42b5-bb0e-867b474200eb,United States Launches Climate Action Plan for Carbon Neutrality,Juno Beach,Location,931,941,0.7246760129928589,False,,
d047a981-5775-42b5-bb0e-867b474200eb,United States Launches Climate Action Plan for Carbon Neutrality,Florida,Location,984,991,0.9405447840690613,False,,
d047a981-5775-42b5-bb0e-867b474200eb,United States Launches Climate Action Plan for Carbon Neutrality,John Ketchum,Person,1002,1014,0.9684845209121704,False,,
d047a981-5775-42b5-bb0e-867b474200eb,United States Launches Climate Action Plan for Carbon Neutrality,Washington D.C.,Location,44,59,0.8288399577140808,True,Washington D.C.,Location
d047a981-5775-42b5-bb0e-867b474200eb,United States Launches Climate Action Plan for Carbon Neutrality,Washington D.C.,Location,1099,1114,0.8288399577140808,True,Washington D.C.,Location
d047a981-5775-42b5-bb0e-867b474200eb,United States Launches Climate Action Plan for Carbon Neutrality,San Francisco,Location,1165,1178,0.8721945881843567,False,,
d047a981-5775-42b5-bb0e-867b474200eb,United States Launches Climate Action Plan for Carbon Neutrality,Houston,Location,748,755,0.9242479801177979,False,,
d047a981-5775-42b5-bb0e-867b474200eb,United States Launches Climate Action Plan for Carbon Neutrality,Houston,Location,1183,1190,0.9242479801177979,False,,
d047a981-5775-42b5-bb0e-867b474200eb,United States Launches Climate Action Plan for Carbon Neutrality,California,Location,503,513,0.8709878921508789,True,California,Location
d047a981-5775-42b5-bb0e-867b474200eb,United States Launches Climate Action Plan for Carbon Neutrality,California,Location,1192,1202,0.8709878921508789,True,California,Location
d047a981-5775-42b5-bb0e-867b474200eb,United States Launches Climate Action Plan for Carbon Neutrality,Texas,Location,640,645,0.9406429529190063,True,Texas,Location
d047a981-5775-42b5-bb0e-867b474200eb,United States Launches Climate Action Plan for Carbon Neutrality,Texas,Location,1207,1212,0.9406429529190063,True,Texas,Location
d047a981-5775-42b5-bb0e-867b474200eb,United States Launches Climate Action Plan for Carbon Neutrality,Vance,Person,246,251,0.981006920337677,True,JD Vance,Person
d047a981-5775-42b5-bb0e-867b474200eb,United States Launches Climate Action Plan for Carbon Neutrality,Vance,Person,1259,1264,0.981006920337677,True,JD Vance,Person
d047a981-5775-42b5-bb0e-867b474200eb,United States Launches Climate Action Plan for Carbon Neutrality,VP,Person,1270,1272,0.7299087643623352,False,,
d047a981-5775-42b5-bb0e-867b474200eb,United States Launches Climate Action Plan for Carbon Neutrality,D.C.,Location,55,59,0.8379161953926086,True,Washington D.C.,Location
d047a981-5775-42b5-bb0e-867b474200eb,United States Launches Climate Action Plan for Carbon Neutrality,D.C.,Location,1110,1114,0.8379161953926086,True,Washington D.C.,Location
d047a981-5775-42b5-bb0e-867b474200eb,United States Launches Climate Action Plan for Carbon Neutrality,D.C.,Location,1304,1308,0.8379161953926086,True,Washington D.C.,Location
d047a981-5775-42b5-bb0e-867b474200eb,United States Launches Climate Action Plan for Carbon Neutrality,Analysts,Company,1411,1419,0.5477400422096252,False,,
d047a981-5775-42b5-bb0e-867b474200eb,United States Launches Climate Action Plan for Carbon Neutrality,New York,Location,4,12,0.9253495931625366,True,New York City,Location
d047a981-5775-42b5-bb0e-867b474200eb,United States Launches Climate Action Plan for Carbon Neutrality,New York,Location,801,809,0.9253495931625366,True,New York City,Location
d047a981-5775-42b5-bb0e-867b474200eb,United States Launches Climate Action Plan for Carbon Neutrality,New York,Location,1445,1453,0.9253495931625366,True,New York City,Location
d047a981-5775-42b5-bb0e-867b474200eb,United States Launches Climate Action Plan for Carbon Neutrality,Chicago,Location,1491,1498,0.8664467930793762,False,,
d047a981-5775-42b5-bb0e-867b474200eb,United States Launches Climate Action Plan for Carbon Neutrality,financial hub,Location,1501,1514,0.5296915173530579,False,,
c44e172a-4633-4a5e-a3ce-53f0268af102,United States Updates National Security Strategy for Cybersecurity,Washington D.C.,Location,44,59,0.7157593369483948,True,Washington D.C.,Location
c44e172a-4633-4a5e-a3ce-53f0268af102,United States Updates National Security Strategy for Cybersecurity,Washington D.C.,Location,1101,1116,0.7157593369483948,True,Washington D.C.,Location
c44e172a-4633-4a5e-a3ce-53f0268af102,United States Updates National Security Strategy for Cybersecurity,Mike Johnson,Person,84,96,0.9102991819381714,True,Mike Johnson,Person
c44e172a-4633-4a5e-a3ce-53f0268af102,United States Updates National Security Strategy for Cybersecurity,JD Vance,Person,236,244,0.7881104350090027,True,JD Vance,Person
c44e172a-4633-4a5e-a3ce-53f0268af102,United States Updates National Security Strategy for Cybersecurity,Washington,Location,44,54,0.7780748605728149,True,Washington D.C.,Location
c44e172a-4633-4a5e-a3ce-53f0268af102,United States Updates National Security Strategy for Cybersecurity,Washington,Location,292,302,0.7780748605728149,True,Washington D.C.,Location
c44e172a-4633-4a5e-a3ce-53f0268af102,United States Updates National Security Strategy for Cybersecurity,Washington,Location,1101,1111,0.7780748605728149,True,Washington D.C.,Location
c44e172a-4633-4a5e-a3ce-53f0268af102,United States Updates National Security Strategy for Cybersecurity,Secretary of Defense,Person,368,388,0.6929787993431091,False,,
c44e172a-4633-4a5e-a3ce-53f0268af102,United States Updates National Security Strategy for Cybersecurity,Lloyd Austin,Person,389,401,0.9596145749092102,False,,
c44e172a-4633-4a5e-a3ce-53f0268af102,United States Updates National Security Strategy for Cybersecurity,California,Location,488,498,0.8751979470252991,True,California,Location
c44e172a-4633-4a5e-a3ce-53f0268af102,United States Updates National Security Strategy for Cybersecurity,California,Location,1200,1210,0.8751979470252991,True,California,Location
c44e172a-4633-4a5e-a3ce-53f0268af102,United States Updates National Security Strategy for Cybersecurity,Microsoft Corporation,Company,548,569,0.9849099516868591,True,Microsoft Corporation,Company
c44e172a-4633-4a5e-a3ce-53f0268af102,United States Updates National Security Strategy for Cybersecurity,Redmond,Location,575,582,0.7911288142204285,False,,
c44e172a-4633-4a5e-a3ce-53f0268af102,United States Updates National Security Strategy for Cybersecurity,Texas,Location,633,638,0.9363734126091003,True,Texas,Location
c44e172a-4633-4a5e-a3ce-53f0268af102,United States Updates National Security Strategy for Cybersecurity,Texas,Location,1215,1220,0.9363734126091003,True,Texas,Location
c44e172a-4633-4a5e-a3ce-53f0268af102,United States Updates National Security Strategy for Cybersecurity,Satya Nadella,Person,644,657,0.9281638264656067,False,,
c44e172a-4633-4a5e-a3ce-53f0268af102,United States Updates National Security Strategy for Cybersecurity,Microsoft,Company,548,557,0.7128685712814331,True,Microsoft Corporation,Company
c44e172a-4633-4a5e-a3ce-53f0268af102,United States Updates National Security Strategy for Cybersecurity,Microsoft,Company,667,676,0.7128685712814331,True,Microsoft Corporation,Company
c44e172a-4633-4a5e-a3ce-53f0268af102,United States Updates National Security Strategy for Cybersecurity,Lockheed Martin,Company,731,746,0.9852163791656494,False,,
c44e172a-4633-4a5e-a3ce-53f0268af102,United States Updates National Security Strategy for Cybersecurity,Bethesda,Company,752,760,0.7437775135040283,False,,
c44e172a-4633-4a5e-a3ce-53f0268af102,United States Updates National Security Strategy for Cybersecurity,New York,Location,4,12,0.9562361836433411,True,New York City,Location
c44e172a-4633-4a5e-a3ce-53f0268af102,United States Updates National Security Strategy for Cybersecurity,New York,Location,807,815,0.9562361836433411,True,New York City,Location
c44e172a-4633-4a5e-a3ce-53f0268af102,United States Updates National Security Strategy for Cybersecurity,New York,Location,1453,1461,0.9562361836433411,True,New York City,Location
c44e172a-4633-4a5e-a3ce-53f0268af102,United States Updates National Security Strategy for Cybersecurity,Jim Taiclet,Person,844,855,0.9304128885269165,False,,
c44e172a-4633-4a5e-a3ce-53f0268af102,United States Updates National Security Strategy for Cybersecurity,Cisco Systems,Company,934,947,0.9892039895057678,False,,
c44e172a-4633-4a5e-a3ce-53f0268af102,United States Updates National Security Strategy for Cybersecurity,San Jose,Location,953,961,0.9108790159225464,False,,
c44e172a-4633-4a5e-a3ce-53f0268af102,United States Updates National Security Strategy for Cybersecurity,Florida,Location,1004,1011,0.9399328231811523,False,,
c44e172a-4633-4a5e-a3ce-53f0268af102,United States Updates National Security Strategy for Cybersecurity,Chuck Robbins,Person,1022,1035,0.9528325200080872,False,,
c44e172a-4633-4a5e-a3ce-53f0268af102,United States Updates National Security Strategy for Cybersecurity,Cisco,Company,934,939,0.8161696791648865,False,,
c44e172a-4633-4a5e-a3ce-53f0268af102,United States Updates National Security Strategy for Cybersecurity,Cisco,Company,1048,1053,0.8161696791648865,False,,
c44e172a-4633-4a5e-a3ce-53f0268af102,United States Updates National Security Strategy for Cybersecurity,Washington D.C.,Location,44,59,0.7929877042770386,True,Washington D.C.,Location
c44e172a-4633-4a5e-a3ce-53f0268af102,United States Updates National Security Strategy for Cybersecurity,Washington D.C.,Location,1101,1116,0.7929877042770386,True,Washington D.C.,Location
c44e172a-4633-4a5e-a3ce-53f0268af102,United States Updates National Security Strategy for Cybersecurity,San Francisco,Location,1174,1187,0.9021893739700317,False,,
c44e172a-4633-4a5e-a3ce-53f0268af102,United States Updates National Security Strategy for Cybersecurity,Austin,Location,395,401,0.9429948925971985,False,,
c44e172a-4633-4a5e-a3ce-53f0268af102,United States Updates National Security Strategy for Cybersecurity,Austin,Location,535,541,0.9429948925971985,False,,
c44e172a-4633-4a5e-a3ce-53f0268af102,United States Updates National Security Strategy for Cybersecurity,Austin,Location,1192,1198,0.9429948925971985,False,,
c44e172a-4633-4a5e-a3ce-53f0268af102,United States Updates National Security Strategy for Cybersecurity,California,Location,488,498,0.8996298909187317,True,California,Location
c44e172a-4633-4a5e-a3ce-53f0268af102,United States Updates National Security Strategy for Cybersecurity,California,Location,1200,1210,0.8996298909187317,True,California,Location
c44e172a-4633-4a5e-a3ce-53f0268af102,United States Updates National Security Strategy for Cybersecurity,Texas,Location,633,638,0.9459038376808167,True,Texas,Location
c44e172a-4633-4a5e-a3ce-53f0268af102,United States Updates National Security Strategy for Cybersecurity,Texas,Location,1215,1220,0.9459038376808167,True,Texas,Location
c44e172a-4633-4a5e-a3ce-53f0268af102,United States Updates National Security Strategy for Cybersecurity,Vance,Person,239,244,0.9706680178642273,True,JD Vance,Person
c44e172a-4633-4a5e-a3ce-53f0268af102,United States Updates National Security Strategy for Cybersecurity,Vance,Person,1269,1274,0.9706680178642273,True,JD Vance,Person
c44e172a-4633-4a5e-a3ce-53f0268af102,United States Updates National Security Strategy for Cybersecurity,VP,Person,1280,1282,0.6459177732467651,False,,
c44e172a-4633-4a5e-a3ce-53f0268af102,United States Updates National Security Strategy for Cybersecurity,D.C.,Location,55,59,0.6616321802139282,True,Washington D.C.,Location
c44e172a-4633-4a5e-a3ce-53f0268af102,United States Updates National Security Strategy for Cybersecurity,D.C.,Location,1112,1116,0.6616321802139282,True,Washington D.C.,Location
c44e172a-4633-4a5e-a3ce-53f0268af102,United States Updates National Security Strategy for Cybersecurity,D.C.,Location,1318,1322,0.6616321802139282,True,Washington D.C.,Location
c44e172a-4633-4a5e-a3ce-53f0268af102,United States Updates National Security Strategy for Cybersecurity,Analysts,Person,1419,1427,0.8794545531272888,False,,
c44e172a-4633-4a5e-a3ce-53f0268af102,United States Updates National Security Strategy for Cybersecurity,New York,Location,4,12,0.935147225856781,True,New York City,Location
c44e172a-4633-4a5e-a3ce-53f0268af102,United States Updates National Security Strategy for Cybersecurity,New York,Location,807,815,0.935147225856781,True,New York City,Location
c44e172a-4633-4a5e-a3ce-53f0268af102,United States Updates National Security Strategy for Cybersecurity,New York,Location,1453,1461,0.935147225856781,True,New York City,Location
c44e172a-4633-4a5e-a3ce-53f0268af102,United States Updates National Security Strategy for Cybersecurity,Chicago,Location,1497,1504,0.8842596411705017,False,,
206b77b4-15c7-4335-bdc7-c5d74fdd9908,United States Announces Major Infrastructure Investment Plan,Washington,Location,4,14,0.7507638335227966,True,Washington D.C.,Location
206b77b4-15c7-4335-bdc7-c5d74fdd9908,United States Announces Major Infrastructure Investment Plan,Washington,Location,45,55,0.7507638335227966,True,Washington D.C.,Location
206b77b4-15c7-4335-bdc7-c5d74fdd9908,United States Announces Major Infrastructure Investment Plan,Washington,Location,311,321,0.7507638335227966,True,Washington D.C.,Location
206b77b4-15c7-4335-bdc7-c5d74fdd9908,United States Announces Major Infrastructure Investment Plan,Washington,Location,1093,1103,0.7507638335227966,True,Washington D.C.,Location
206b77b4-15c7-4335-bdc7-c5d74fdd9908,United States Announces Major Infrastructure Investment Plan,Washington D.C.,Location,45,60,0.7465164065361023,True,Washington D.C.,Location
206b77b4-15c7-4335-bdc7-c5d74fdd9908,United States Announces Major Infrastructure Investment Plan,Washington D.C.,Location,1093,1108,0.7465164065361023,True,Washington D.C.,Location
206b77b4-15c7-4335-bdc7-c5d74fdd9908,United States Announces Major Infrastructure Investment Plan,Mike Johnson,Person,84,96,0.92540043592453,True,Mike Johnson,Person
206b77b4-15c7-4335-bdc7-c5d74fdd9908,United States Announces Major Infrastructure Investment Plan,JD Vance,Person,250,258,0.8300942778587341,True,JD Vance,Person
206b77b4-15c7-4335-bdc7-c5d74fdd9908,United States Announces Major Infrastructure Investment Plan,Washington,Location,4,14,0.7445746064186096,True,Washington D.C.,Location
206b77b4-15c7-4335-bdc7-c5d74fdd9908,United States Announces Major Infrastructure Investment Plan,Washington,Location,45,55,0.7445746064186096,True,Washington D.C.,Location
206b77b4-15c7-4335-bdc7-c5d74fdd9908,United States Announces Major Infrastructure Investment Plan,Washington,Location,311,321,0.7445746064186096,True,Washington D.C.,Location
206b77b4-15c7-4335-bdc7-c5d74fdd9908,United States Announces Major Infrastructure Investment Plan,Washington,Location,1093,1103,0.7445746064186096,True,Washington D.C.,Location
206b77b4-15c7-4335-bdc7-c5d74fdd9908,United States Announces Major Infrastructure Investment Plan,Secretary of Transportation,Person,386,413,0.512688159942627,False,,
206b77b4-15c7-4335-bdc7-c5d74fdd9908,United States Announces Major Infrastructure Investment Plan,Pete Buttigieg,Person,414,428,0.9736974239349365,False,,
206b77b4-15c7-4335-bdc7-c5d74fdd9908,United States Announces Major Infrastructure Investment Plan,California,Location,508,518,0.8923779726028442,True,California,Location
206b77b4-15c7-4335-bdc7-c5d74fdd9908,United States Announces Major Infrastructure Investment Plan,California,Location,1192,1202,0.8923779726028442,True,California,Location
206b77b4-15c7-4335-bdc7-c5d74fdd9908,United States Announces Major Infrastructure Investment Plan,Bechtel Corporation,Company,573,592,0.9881832003593445,False,,
206b77b4-15c7-4335-bdc7-c5d74fdd9908,United States Announces Major Infrastructure Investment Plan,Reston,Location,598,604,0.7883068323135376,False,,
206b77b4-15c7-4335-bdc7-c5d74fdd9908,United States Announces Major Infrastructure Investment Plan,Texas,Location,650,655,0.945458710193634,True,Texas,Location
206b77b4-15c7-4335-bdc7-c5d74fdd9908,United States Announces Major Infrastructure Investment Plan,Texas,Location,1207,1212,0.945458710193634,True,Texas,Location
206b77b4-15c7-4335-bdc7-c5d74fdd9908,United States Announces Major Infrastructure Investment Plan,Brendan Bechtel,Company,661,676,0.7318933606147766,False,,
206b77b4-15c7-4335-bdc7-c5d74fdd9908,United States Announces Major Infrastructure Investment Plan,AT&T,Company,747,751,0.9958263039588928,False,,
206b77b4-15c7-4335-bdc7-c5d74fdd9908,United States Announces Major Infrastructure Investment Plan,AT&T,Company,864,868,0.9958263039588928,False,,
206b77b4-15c7-4335-bdc7-c5d74fdd9908,United States Announces Major Infrastructure Investment Plan,Dallas,Location,757,763,0.9265981316566467,False,,
206b77b4-15c7-4335-bdc7-c5d74fdd9908,United States Announces Major Infrastructure Investment Plan,Dallas,Location,1184,1190,0.9265981316566467,False,,
206b77b4-15c7-4335-bdc7-c5d74fdd9908,United States Announces Major Infrastructure Investment Plan,New York,Location,806,814,0.9504872560501099,True,New York City,Location
206b77b4-15c7-4335-bdc7-c5d74fdd9908,United States Announces Major Infrastructure Investment Plan,New York,Location,1443,1451,0.9504872560501099,True,New York City,Location
206b77b4-15c7-4335-bdc7-c5d74fdd9908,United States Announces Major Infrastructure Investment Plan,John Stankey,Person,843,855,0.9332194328308105,False,,
206b77b4-15c7-4335-bdc7-c5d74fdd9908,United States Announces Major Infrastructure Investment Plan,AT&T,Company,747,751,0.993738055229187,False,,
206b77b4-15c7-4335-bdc7-c5d74fdd9908,United States Announces Major Infrastructure Investment Plan,AT&T,Company,864,868,0.993738055229187,False,,
206b77b4-15c7-4335-bdc7-c5d74fdd9908,United States Announces Major Infrastructure Investment Plan,Union Pacific,Company,920,933,0.9910423755645752,False,,
206b77b4-15c7-4335-bdc7-c5d74fdd9908,United States Announces Major Infrastructure Investment Plan,Union Pacific,Company,1029,1042,0.9910423755645752,False,,
206b77b4-15c7-4335-bdc7-c5d74fdd9908,United States Announces Major Infrastructure Investment Plan,Omaha,Location,939,944,0.8968009352684021,False,,
206b77b4-15c7-4335-bdc7-c5d74fdd9908,United States Announces Major Infrastructure Investment Plan,Florida,Location,987,994,0.9431329369544983,False,,
206b77b4-15c7-4335-bdc7-c5d74fdd9908,United States Announces Major Infrastructure Investment Plan,Lance Fritz,Person,1005,1016,0.9449683427810669,False,,
206b77b4-15c7-4335-bdc7-c5d74fdd9908,United States Announces Major Infrastructure Investment Plan,Union Pacific,Company,920,933,0.9905649423599243,False,,
206b77b4-15c7-4335-bdc7-c5d74fdd9908,United States Announces Major Infrastructure Investment Plan,Union Pacific,Company,1029,1042,0.9905649423599243,False,,
206b77b4-15c7-4335-bdc7-c5d74fdd9908,United States Announces Major Infrastructure Investment Plan,Washington D.C.,Location,45,60,0.7814885973930359,True,Washington D.C.,Location
206b77b4-15c7-4335-bdc7-c5d74fdd9908,United States Announces Major Infrastructure Investment Plan,Washington D.C.,Location,1093,1108,0.7814885973930359,True,Washington D.C.,Location
206b77b4-15c7-4335-bdc7-c5d74fdd9908,United States Announces Major Infrastructure Investment Plan,San Francisco,Location,1166,1179,0.8604036569595337,False,,
206b77b4-15c7-4335-bdc7-c5d74fdd9908,United States Announces Major Infrastructure Investment Plan,Dallas,Location,757,763,0.9318601489067078,False,,
206b77b4-15c7-4335-bdc7-c5d74fdd9908,United States Announces Major Infrastructure Investment Plan,Dallas,Location,1184,1190,0.9318601489067078,False,,
206b77b4-15c7-4335-bdc7-c5d74fdd9908,United States Announces Major Infrastructure Investment Plan,California,Location,508,518,0.8645212650299072,True,California,Location
206b77b4-15c7-4335-bdc7-c5d74fdd9908,United States Announces Major Infrastructure Investment Plan,California,Location,1192,1202,0.8645212650299072,True,California,Location
206b77b4-15c7-4335-bdc7-c5d74fdd9908,United States Announces Major Infrastructure Investment Plan,Texas,Location,650,655,0.9346163868904114,True,Texas,Location
206b77b4-15c7-4335-bdc7-c5d74fdd9908,United States Announces Major Infrastructure Investment Plan,Texas,Location,1207,1212,0.9346163868904114,True,Texas,Location
206b77b4-15c7-4335-bdc7-c5d74fdd9908,United States Announces Major Infrastructure Investment Plan,Vance,Person,253,258,0.9723101854324341,True,JD Vance,Person
206b77b4-15c7-4335-bdc7-c5d74fdd9908,United States Announces Major Infrastructure Investment Plan,Vance,Person,1257,1262,0.9723101854324341,True,JD Vance,Person
206b77b4-15c7-4335-bdc7-c5d74fdd9908,United States Announces Major Infrastructure Investment Plan,VP,Person,1268,1270,0.6796289086341858,False,,
206b77b4-15c7-4335-bdc7-c5d74fdd9908,United States Announces Major Infrastructure Investment Plan,D.C.,Location,56,60,0.6348816156387329,True,Washington D.C.,Location
206b77b4-15c7-4335-bdc7-c5d74fdd9908,United States Announces Major Infrastructure Investment Plan,D.C.,Location,1104,1108,0.6348816156387329,True,Washington D.C.,Location
206b77b4-15c7-4335-bdc7-c5d74fdd9908,United States Announces Major Infrastructure Investment Plan,D.C.,Location,1302,1306,0.6348816156387329,True,Washington D.C.,Location
206b77b4-15c7-4335-bdc7-c5d74fdd9908,United States Announces Major Infrastructure Investment Plan,Analysts,Person,1409,1417,0.8664870858192444,False,,
206b77b4-15c7-4335-bdc7-c5d74fdd9908,United States Announces Major Infrastructure Investment Plan,New York,Location,806,814,0.9244754314422607,True,New York City,Location
206b77b4-15c7-4335-bdc7-c5d74fdd9908,United States Announces Major Infrastructure Investment Plan,New York,Location,1443,1451,0.9244754314422607,True,New York City,Location
206b77b4-15c7-4335-bdc7-c5d74fdd9908,United States Announces Major Infrastructure Investment Plan,Chicago,Location,1488,1495,0.9030370116233826,False,,
e746aa84-fc88-4c4c-9ec5-bda42c79f905,United States Introduces Healthcare Reform for Digital Access,Washington D.C.,Location,44,59,0.7465505003929138,True,Washington D.C.,Location
e746aa84-fc88-4c4c-9ec5-bda42c79f905,United States Introduces Healthcare Reform for Digital Access,Washington D.C.,Location,1087,1102,0.7465505003929138,True,Washington D.C.,Location
e746aa84-fc88-4c4c-9ec5-bda42c79f905,United States Introduces Healthcare Reform for Digital Access,Mike Johnson,Person,84,96,0.908375084400177,True,Mike Johnson,Person
e746aa84-fc88-4c4c-9ec5-bda42c79f905,United States Introduces Healthcare Reform for Digital Access,JD Vance,Person,225,233,0.8102527856826782,True,JD Vance,Person
e746aa84-fc88-4c4c-9ec5-bda42c79f905,United States Introduces Healthcare Reform for Digital Access,Washington,Location,44,54,0.7711074352264404,True,Washington D.C.,Location
e746aa84-fc88-4c4c-9ec5-bda42c79f905,United States Introduces Healthcare Reform for Digital Access,Washington,Location,277,287,0.7711074352264404,True,Washington D.C.,Location
e746aa84-fc88-4c4c-9ec5-bda42c79f905,United States Introduces Healthcare Reform for Digital Access,Washington,Location,1087,1097,0.7711074352264404,True,Washington D.C.,Location
e746aa84-fc88-4c4c-9ec5-bda42c79f905,United States Introduces Healthcare Reform for Digital Access,Xavier Becerra,Person,380,394,0.9628441333770752,False,,
e746aa84-fc88-4c4c-9ec5-bda42c79f905,United States Introduces Healthcare Reform for Digital Access,California,Location,467,477,0.8814100027084351,True,California,Location
e746aa84-fc88-4c4c-9ec5-bda42c79f905,United States Introduces Healthcare Reform for Digital Access,California,Location,1188,1198,0.8814100027084351,True,California,Location
e746aa84-fc88-4c4c-9ec5-bda42c79f905,United States Introduces Healthcare Reform for Digital Access,UnitedHealth Group,Company,537,555,0.9786333441734314,False,,
e746aa84-fc88-4c4c-9ec5-bda42c79f905,United States Introduces Healthcare Reform for Digital Access,Minnetonka,Location,561,571,0.8518743515014648,False,,
e746aa84-fc88-4c4c-9ec5-bda42c79f905,United States Introduces Healthcare Reform for Digital Access,Texas,Location,623,628,0.9473951458930969,True,Texas,Location
e746aa84-fc88-4c4c-9ec5-bda42c79f905,United States Introduces Healthcare Reform for Digital Access,Texas,Location,1203,1208,0.9473951458930969,True,Texas,Location
e746aa84-fc88-4c4c-9ec5-bda42c79f905,United States Introduces Healthcare Reform for Digital Access,Andrew Witty,Person,634,646,0.9326959848403931,False,,
e746aa84-fc88-4c4c-9ec5-bda42c79f905,United States Introduces Healthcare Reform for Digital Access,UnitedHealth,Company,537,549,0.5105593204498291,False,,
e746aa84-fc88-4c4c-9ec5-bda42c79f905,United States Introduces Healthcare Reform for Digital Access,UnitedHealth,Company,656,668,0.5105593204498291,False,,
e746aa84-fc88-4c4c-9ec5-bda42c79f905,United States Introduces Healthcare Reform for Digital Access,Pfizer,Company,718,724,0.9910173416137695,False,,
e746aa84-fc88-4c4c-9ec5-bda42c79f905,United States Introduces Healthcare Reform for Digital Access,Pfizer,Company,847,853,0.9910173416137695,False,,
e746aa84-fc88-4c4c-9ec5-bda42c79f905,United States Introduces Healthcare Reform for Digital Access,New York,Location,4,12,0.96250319480896,True,New York City,Location
e746aa84-fc88-4c4c-9ec5-bda42c79f905,United States Introduces Healthcare Reform for Digital Access,New York,Location,730,738,0.96250319480896,True,New York City,Location
e746aa84-fc88-4c4c-9ec5-bda42c79f905,United States Introduces Healthcare Reform for Digital Access,New York,Location,980,988,0.96250319480896,True,New York City,Location
e746aa84-fc88-4c4c-9ec5-bda42c79f905,United States Introduces Healthcare Reform for Digital Access,New York,Location,1440,1448,0.96250319480896,True,New York City,Location
e746aa84-fc88-4c4c-9ec5-bda42c79f905,United States Introduces Healthcare Reform for Digital Access,Florida,Location,789,796,0.9103062748908997,False,,
e746aa84-fc88-4c4c-9ec5-bda42c79f905,United States Introduces Healthcare Reform for Digital Access,Albert Bourla,Person,825,838,0.9135864973068237,False,,
e746aa84-fc88-4c4c-9ec5-bda42c79f905,United States Introduces Healthcare Reform for Digital Access,Pfizer,Company,718,724,0.9900420904159546,False,,
e746aa84-fc88-4c4c-9ec5-bda42c79f905,United States Introduces Healthcare Reform for Digital Access,Pfizer,Company,847,853,0.9900420904159546,False,,
e746aa84-fc88-4c4c-9ec5-bda42c79f905,United States Introduces Healthcare Reform for Digital Access,Epic Systems,Company,909,921,0.9573848247528076,False,,
e746aa84-fc88-4c4c-9ec5-bda42c79f905,United States Introduces Healthcare Reform for Digital Access,Verona,Location,927,933,0.7090338468551636,False,,
e746aa84-fc88-4c4c-9ec5-bda42c79f905,United States Introduces Healthcare Reform for Digital Access,New York,Location,4,12,0.8964304327964783,True,New York City,Location
e746aa84-fc88-4c4c-9ec5-bda42c79f905,United States Introduces Healthcare Reform for Digital Access,New York,Location,730,738,0.8964304327964783,True,New York City,Location
e746aa84-fc88-4c4c-9ec5-bda42c79f905,United States Introduces Healthcare Reform for Digital Access,New York,Location,980,988,0.8964304327964783,True,New York City,Location
e746aa84-fc88-4c4c-9ec5-bda42c79f905,United States Introduces Healthcare Reform for Digital Access,New York,Location,1440,1448,0.8964304327964783,True,New York City,Location
e746aa84-fc88-4c4c-9ec5-bda42c79f905,United States Introduces Healthcare Reform for Digital Access,Judy Faulkner,Person,999,1012,0.9261090755462646,False,,
e746aa84-fc88-4c4c-9ec5-bda42c79f905,United States Introduces Healthcare Reform for Digital Access,Washington D.C.,Location,44,59,0.744312584400177,True,Washington D.C.,Location
e746aa84-fc88-4c4c-9ec5-bda42c79f905,United States Introduces Healthcare Reform for Digital Access,Washington D.C.,Location,1087,1102,0.744312584400177,True,Washington D.C.,Location
e746aa84-fc88-4c4c-9ec5-bda42c79f905,United States Introduces Healthcare Reform for Digital Access,San Francisco,Location,1163,1176,0.8963595628738403,False,,
e746aa84-fc88-4c4c-9ec5-bda42c79f905,United States Introduces Healthcare Reform for Digital Access,Miami,Location,1181,1186,0.9338127374649048,False,,
e746aa84-fc88-4c4c-9ec5-bda42c79f905,United States Introduces Healthcare Reform for Digital Access,California,Location,467,477,0.9284082651138306,True,California,Location
e746aa84-fc88-4c4c-9ec5-bda42c79f905,United States Introduces Healthcare Reform for Digital Access,California,Location,1188,1198,0.9284082651138306,True,California,Location
e746aa84-fc88-4c4c-9ec5-bda42c79f905,United States Introduces Healthcare Reform for Digital Access,Texas,Location,623,628,0.9534963369369507,True,Texas,Location
e746aa84-fc88-4c4c-9ec5-bda42c79f905,United States Introduces Healthcare Reform for Digital Access,Texas,Location,1203,1208,0.9534963369369507,True,Texas,Location
e746aa84-fc88-4c4c-9ec5-bda42c79f905,United States Introduces Healthcare Reform for Digital Access,Vance,Person,228,233,0.9709504246711731,True,JD Vance,Person
e746aa84-fc88-4c4c-9ec5-bda42c79f905,United States Introduces Healthcare Reform for Digital Access,Vance,Person,1256,1261,0.9709504246711731,True,JD Vance,Person
e746aa84-fc88-4c4c-9ec5-bda42c79f905,United States Introduces Healthcare Reform for Digital Access,VP,Person,1267,1269,0.6386520266532898,False,,
e746aa84-fc88-4c4c-9ec5-bda42c79f905,United States Introduces Healthcare Reform for Digital Access,D.C.,Location,55,59,0.695739209651947,True,Washington D.C.,Location
e746aa84-fc88-4c4c-9ec5-bda42c79f905,United States Introduces Healthcare Reform for Digital Access,D.C.,Location,1098,1102,0.695739209651947,True,Washington D.C.,Location
e746aa84-fc88-4c4c-9ec5-bda42c79f905,United States Introduces Healthcare Reform for Digital Access,D.C.,Location,1303,1307,0.695739209651947,True,Washington D.C.,Location
e746aa84-fc88-4c4c-9ec5-bda42c79f905,United States Introduces Healthcare Reform for Digital Access,Analysts,Person,1406,1414,0.8677568435668945,False,,
e746aa84-fc88-4c4c-9ec5-bda42c79f905,United States Introduces Healthcare Reform for Digital Access,New York,Location,4,12,0.9386362433433533,True,New York City,Location
e746aa84-fc88-4c4c-9ec5-bda42c79f905,United States Introduces Healthcare Reform for Digital Access,New York,Location,730,738,0.9386362433433533,True,New York City,Location
e746aa84-fc88-4c4c-9ec5-bda42c79f905,United States Introduces Healthcare Reform for Digital Access,New York,Location,980,988,0.9386362433433533,True,New York City,Location
e746aa84-fc88-4c4c-9ec5-bda42c79f905,United States Introduces Healthcare Reform for Digital Access,New York,Location,1440,1448,0.9386362433433533,True,New York City,Location
e746aa84-fc88-4c4c-9ec5-bda42c79f905,United States Introduces Healthcare Reform for Digital Access,global health tech,Company,1457,1475,0.7274784445762634,False,,
e746aa84-fc88-4c4c-9ec5-bda42c79f905,United States Introduces Healthcare Reform for Digital Access,Chicago,Location,1482,1489,0.8998374938964844,False,,
5c000415-96ff-48b6-a9ac-fcda2ea40c19,United States Launches Transportation Modernization Plan,Washington,Location,4,14,0.6891026496887207,True,Washington D.C.,Location
5c000415-96ff-48b6-a9ac-fcda2ea40c19,United States Launches Transportation Modernization Plan,Washington,Location,46,56,0.6891026496887207,True,Washington D.C.,Location
5c000415-96ff-48b6-a9ac-fcda2ea40c19,United States Launches Transportation Modernization Plan,Washington,Location,315,325,0.6891026496887207,True,Washington D.C.,Location
5c000415-96ff-48b6-a9ac-fcda2ea40c19,United States Launches Transportation Modernization Plan,Washington,Location,1111,1121,0.6891026496887207,True,Washington D.C.,Location
5c000415-96ff-48b6-a9ac-fcda2ea40c19,United States Launches Transportation Modernization Plan,Washington D.C.,Location,46,61,0.7011124491691589,True,Washington D.C.,Location
5c000415-96ff-48b6-a9ac-fcda2ea40c19,United States Launches Transportation Modernization Plan,Washington D.C.,Location,1111,1126,0.7011124491691589,True,Washington D.C.,Location
5c000415-96ff-48b6-a9ac-fcda2ea40c19,United States Launches Transportation Modernization Plan,Mike Johnson,Person,86,98,0.9139752984046936,True,Mike Johnson,Person
5c000415-96ff-48b6-a9ac-fcda2ea40c19,United States Launches Transportation Modernization Plan,JD Vance,Person,262,270,0.8174182176589966,True,JD Vance,Person
5c000415-96ff-48b6-a9ac-fcda2ea40c19,United States Launches Transportation Modernization Plan,Washington,Location,4,14,0.7202845215797424,True,Washington D.C.,Location
5c000415-96ff-48b6-a9ac-fcda2ea40c19,United States Launches Transportation Modernization Plan,Washington,Location,46,56,0.7202845215797424,True,Washington D.C.,Location
5c000415-96ff-48b6-a9ac-fcda2ea40c19,United States Launches Transportation Modernization Plan,Washington,Location,315,325,0.7202845215797424,True,Washington D.C.,Location
5c000415-96ff-48b6-a9ac-fcda2ea40c19,United States Launches Transportation Modernization Plan,Washington,Location,1111,1121,0.7202845215797424,True,Washington D.C.,Location
5c000415-96ff-48b6-a9ac-fcda2ea40c19,United States Launches Transportation Modernization Plan,Pete Buttigieg,Person,420,434,0.9534955620765686,False,,
5c000415-96ff-48b6-a9ac-fcda2ea40c19,United States Launches Transportation Modernization Plan,California,Location,517,527,0.8131867051124573,True,California,Location
5c000415-96ff-48b6-a9ac-fcda2ea40c19,United States Launches Transportation Modernization Plan,California,Location,1205,1215,0.8131867051124573,True,California,Location
5c000415-96ff-48b6-a9ac-fcda2ea40c19,United States Launches Transportation Modernization Plan,Tesla Inc.,Company,587,597,0.9874682426452637,False,,
5c000415-96ff-48b6-a9ac-fcda2ea40c19,United States Launches Transportation Modernization Plan,Palo Alto,Location,603,612,0.866631031036377,False,,
5c000415-96ff-48b6-a9ac-fcda2ea40c19,United States Launches Transportation Modernization Plan,Texas,Location,667,672,0.9297142624855042,True,Texas,Location
5c000415-96ff-48b6-a9ac-fcda2ea40c19,United States Launches Transportation Modernization Plan,Texas,Location,1220,1225,0.9297142624855042,True,Texas,Location
5c000415-96ff-48b6-a9ac-fcda2ea40c19,United States Launches Transportation Modernization Plan,Elon Musk,Person,678,687,0.9112359881401062,False,,
5c000415-96ff-48b6-a9ac-fcda2ea40c19,United States Launches Transportation Modernization Plan,Tesla,Company,587,592,0.7927023768424988,False,,
5c000415-96ff-48b6-a9ac-fcda2ea40c19,United States Launches Transportation Modernization Plan,Tesla,Company,697,702,0.7927023768424988,False,,
5c000415-96ff-48b6-a9ac-fcda2ea40c19,United States Launches Transportation Modernization Plan,Union Pacific,Company,756,769,0.9794139266014099,False,,
5c000415-96ff-48b6-a9ac-fcda2ea40c19,United States Launches Transportation Modernization Plan,Union Pacific,Company,882,895,0.9794139266014099,False,,
5c000415-96ff-48b6-a9ac-fcda2ea40c19,United States Launches Transportation Modernization Plan,Omaha,Location,775,780,0.8884937763214111,False,,
5c000415-96ff-48b6-a9ac-fcda2ea40c19,United States Launches Transportation Modernization Plan,Florida,Location,826,833,0.9230603575706482,False,,
5c000415-96ff-48b6-a9ac-fcda2ea40c19,United States Launches Transportation Modernization Plan,Lance Fritz,Person,862,873,0.912860095500946,False,,
5c000415-96ff-48b6-a9ac-fcda2ea40c19,United States Launches Transportation Modernization Plan,Union Pacific,Company,756,769,0.9798265695571899,False,,
5c000415-96ff-48b6-a9ac-fcda2ea40c19,United States Launches Transportation Modernization Plan,Union Pacific,Company,882,895,0.9798265695571899,False,,
5c000415-96ff-48b6-a9ac-fcda2ea40c19,United States Launches Transportation Modernization Plan,General Motors,Company,946,960,0.9832915663719177,False,,
5c000415-96ff-48b6-a9ac-fcda2ea40c19,United States Launches Transportation Modernization Plan,Detroit,Location,966,973,0.8975700736045837,False,,
5c000415-96ff-48b6-a9ac-fcda2ea40c19,United States Launches Transportation Modernization Plan,Detroit,Location,1196,1203,0.8975700736045837,False,,
5c000415-96ff-48b6-a9ac-fcda2ea40c19,United States Launches Transportation Modernization Plan,New York,Location,1017,1025,0.9280716180801392,True,New York City,Location
5c000415-96ff-48b6-a9ac-fcda2ea40c19,United States Launches Transportation Modernization Plan,New York,Location,1451,1459,0.9280716180801392,True,New York City,Location
5c000415-96ff-48b6-a9ac-fcda2ea40c19,United States Launches Transportation Modernization Plan,Mary Barra,Person,1036,1046,0.9453439712524414,False,,
5c000415-96ff-48b6-a9ac-fcda2ea40c19,United States Launches Transportation Modernization Plan,GM,Company,1059,1061,0.7371764779090881,False,,
5c000415-96ff-48b6-a9ac-fcda2ea40c19,United States Launches Transportation Modernization Plan,Washington D.C.,Location,46,61,0.658000111579895,True,Washington D.C.,Location
5c000415-96ff-48b6-a9ac-fcda2ea40c19,United States Launches Transportation Modernization Plan,Washington D.C.,Location,1111,1126,0.658000111579895,True,Washington D.C.,Location
5c000415-96ff-48b6-a9ac-fcda2ea40c19,United States Launches Transportation Modernization Plan,San Francisco,Location,1178,1191,0.9074422717094421,False,,
5c000415-96ff-48b6-a9ac-fcda2ea40c19,United States Launches Transportation Modernization Plan,Detroit,Location,966,973,0.9324367046356201,False,,
5c000415-96ff-48b6-a9ac-fcda2ea40c19,United States Launches Transportation Modernization Plan,Detroit,Location,1196,1203,0.9324367046356201,False,,
5c000415-96ff-48b6-a9ac-fcda2ea40c19,United States Launches Transportation Modernization Plan,California,Location,517,527,0.9217296242713928,True,California,Location
5c000415-96ff-48b6-a9ac-fcda2ea40c19,United States Launches Transportation Modernization Plan,California,Location,1205,1215,0.9217296242713928,True,California,Location
5c000415-96ff-48b6-a9ac-fcda2ea40c19,United States Launches Transportation Modernization Plan,Texas,Location,667,672,0.9689634442329407,True,Texas,Location
5c000415-96ff-48b6-a9ac-fcda2ea40c19,United States Launches Transportation Modernization Plan,Texas,Location,1220,1225,0.9689634442329407,True,Texas,Location
5c000415-96ff-48b6-a9ac-fcda2ea40c19,United States Launches Transportation Modernization Plan,Vance,Person,265,270,0.9806117415428162,True,JD Vance,Person
5c000415-96ff-48b6-a9ac-fcda2ea40c19,United States Launches Transportation Modernization Plan,Vance,Person,1270,1275,0.9806117415428162,True,JD Vance,Person
5c000415-96ff-48b6-a9ac-fcda2ea40c19,United States Launches Transportation Modernization Plan,VP,Person,1281,1283,0.7342529296875,False,,
5c000415-96ff-48b6-a9ac-fcda2ea40c19,United States Launches Transportation Modernization Plan,D.C.,Location,57,61,0.8066161870956421,True,Washington D.C.,Location
5c000415-96ff-48b6-a9ac-fcda2ea40c19,United States Launches Transportation Modernization Plan,D.C.,Location,1122,1126,0.8066161870956421,True,Washington D.C.,Location
5c000415-96ff-48b6-a9ac-fcda2ea40c19,United States Launches Transportation Modernization Plan,D.C.,Location,1315,1319,0.8066161870956421,True,Washington D.C.,Location
5c000415-96ff-48b6-a9ac-fcda2ea40c19,United States Launches Transportation Modernization Plan,Analysts,Person,1417,1425,0.8760479688644409,False,,
5c000415-96ff-48b6-a9ac-fcda2ea40c19,United States Launches Transportation Modernization Plan,New York,Location,1017,1025,0.9324972033500671,True,New York City,Location
5c000415-96ff-48b6-a9ac-fcda2ea40c19,United States Launches Transportation Modernization Plan,New York,Location,1451,1459,0.9324972033500671,True,New York City,Location
5c000415-96ff-48b6-a9ac-fcda2ea40c19,United States Launches Transportation Modernization Plan,Chicago,Location,1490,1497,0.894267201423645,False,,
fadd6904-9b30-493e-9d30-342d60e15677,United States Hosts Global Investment Summit in New York,New York City,Location,49,62,0.8633862137794495,True,New York City,Location
fadd6904-9b30-493e-9d30-342d60e15677,United States Hosts Global Investment Summit in New York,New York City,Location,1098,1111,0.8633862137794495,True,New York City,Location
fadd6904-9b30-493e-9d30-342d60e15677,United States Hosts Global Investment Summit in New York,Mike Johnson,Person,87,99,0.9174841642379761,True,Mike Johnson,Person
fadd6904-9b30-493e-9d30-342d60e15677,United States Hosts Global Investment Summit in New York,JD Vance,Person,228,236,0.8385262489318848,True,JD Vance,Person
fadd6904-9b30-493e-9d30-342d60e15677,United States Hosts Global Investment Summit in New York,Secretary of Commerce,Person,370,391,0.6269115209579468,False,,
fadd6904-9b30-493e-9d30-342d60e15677,United States Hosts Global Investment Summit in New York,Gina Raimondo,Person,392,405,0.9821194410324097,False,,
fadd6904-9b30-493e-9d30-342d60e15677,United States Hosts Global Investment Summit in New York,California,Location,497,507,0.8789176344871521,True,California,Location
fadd6904-9b30-493e-9d30-342d60e15677,United States Hosts Global Investment Summit in New York,California,Location,992,1002,0.8789176344871521,True,California,Location
fadd6904-9b30-493e-9d30-342d60e15677,United States Hosts Global Investment Summit in New York,California,Location,1191,1201,0.8789176344871521,True,California,Location
fadd6904-9b30-493e-9d30-342d60e15677,United States Hosts Global Investment Summit in New York,Goldman Sachs,Company,561,574,0.9729973077774048,False,,
fadd6904-9b30-493e-9d30-342d60e15677,United States Hosts Global Investment Summit in New York,New York,Location,49,57,0.8368076086044312,True,New York City,Location
fadd6904-9b30-493e-9d30-342d60e15677,United States Hosts Global Investment Summit in New York,New York,Location,287,295,0.8368076086044312,True,New York City,Location
fadd6904-9b30-493e-9d30-342d60e15677,United States Hosts Global Investment Summit in New York,New York,Location,580,588,0.8368076086044312,True,New York City,Location
fadd6904-9b30-493e-9d30-342d60e15677,United States Hosts Global Investment Summit in New York,New York,Location,947,955,0.8368076086044312,True,New York City,Location
fadd6904-9b30-493e-9d30-342d60e15677,United States Hosts Global Investment Summit in New York,New York,Location,1098,1106,0.8368076086044312,True,New York City,Location
fadd6904-9b30-493e-9d30-342d60e15677,United States Hosts Global Investment Summit in New York,New York,Location,1313,1321,0.8368076086044312,True,New York City,Location
fadd6904-9b30-493e-9d30-342d60e15677,United States Hosts Global Investment Summit in New York,Texas,Location,640,645,0.9581225514411926,True,Texas,Location
fadd6904-9b30-493e-9d30-342d60e15677,United States Hosts Global Investment Summit in New York,Texas,Location,1206,1211,0.9581225514411926,True,Texas,Location
fadd6904-9b30-493e-9d30-342d60e15677,United States Hosts Global Investment Summit in New York,David Solomon,Person,651,664,0.8987692594528198,False,,
fadd6904-9b30-493e-9d30-342d60e15677,United States Hosts Global Investment Summit in New York,Wall Street,Location,4,15,0.633118748664856,False,,
fadd6904-9b30-493e-9d30-342d60e15677,United States Hosts Global Investment Summit in New York,Wall Street,Location,687,698,0.633118748664856,False,,
fadd6904-9b30-493e-9d30-342d60e15677,United States Hosts Global Investment Summit in New York,Intel Corporation,Company,728,745,0.9901004433631897,False,,
fadd6904-9b30-493e-9d30-342d60e15677,United States Hosts Global Investment Summit in New York,Santa Clara,Location,751,762,0.9376490712165833,False,,
fadd6904-9b30-493e-9d30-342d60e15677,United States Hosts Global Investment Summit in New York,Florida,Location,812,819,0.9469396471977234,False,,
fadd6904-9b30-493e-9d30-342d60e15677,United States Hosts Global Investment Summit in New York,Pat Gelsinger,Person,848,861,0.9267550110816956,False,,
fadd6904-9b30-493e-9d30-342d60e15677,United States Hosts Global Investment Summit in New York,Intel,Company,728,733,0.8455033898353577,False,,
fadd6904-9b30-493e-9d30-342d60e15677,United States Hosts Global Investment Summit in New York,Intel,Company,870,875,0.8455033898353577,False,,
fadd6904-9b30-493e-9d30-342d60e15677,United States Hosts Global Investment Summit in New York,New York,Location,49,57,0.8531922101974487,True,New York City,Location
fadd6904-9b30-493e-9d30-342d60e15677,United States Hosts Global Investment Summit in New York,New York,Location,287,295,0.8531922101974487,True,New York City,Location
fadd6904-9b30-493e-9d30-342d60e15677,United States Hosts Global Investment Summit in New York,New York,Location,580,588,0.8531922101974487,True,New York City,Location
fadd6904-9b30-493e-9d30-342d60e15677,United States Hosts Global Investment Summit in New York,New York,Location,947,955,0.8531922101974487,True,New York City,Location
fadd6904-9b30-493e-9d30-342d60e15677,United States Hosts Global Investment Summit in New York,New York,Location,1098,1106,0.8531922101974487,True,New York City,Location
fadd6904-9b30-493e-9d30-342d60e15677,United States Hosts Global Investment Summit in New York,New York,Location,1313,1321,0.8531922101974487,True,New York City,Location
fadd6904-9b30-493e-9d30-342d60e15677,United States Hosts Global Investment Summit in New York,California,Location,497,507,0.9285374879837036,True,California,Location
fadd6904-9b30-493e-9d30-342d60e15677,United States Hosts Global Investment Summit in New York,California,Location,992,1002,0.9285374879837036,True,California,Location
fadd6904-9b30-493e-9d30-342d60e15677,United States Hosts Global Investment Summit in New York,California,Location,1191,1201,0.9285374879837036,True,California,Location
fadd6904-9b30-493e-9d30-342d60e15677,United States Hosts Global Investment Summit in New York,Jamie Dimon,Person,1013,1024,0.9454339742660522,False,,
fadd6904-9b30-493e-9d30-342d60e15677,United States Hosts Global Investment Summit in New York,New York City,Location,49,62,0.9167198538780212,True,New York City,Location
fadd6904-9b30-493e-9d30-342d60e15677,United States Hosts Global Investment Summit in New York,New York City,Location,1098,1111,0.9167198538780212,True,New York City,Location
fadd6904-9b30-493e-9d30-342d60e15677,United States Hosts Global Investment Summit in New York,Federal Investment Agency,Company,1122,1147,0.5652265548706055,False,,
fadd6904-9b30-493e-9d30-342d60e15677,United States Hosts Global Investment Summit in New York,San Francisco,Location,1165,1178,0.9249746203422546,False,,
fadd6904-9b30-493e-9d30-342d60e15677,United States Hosts Global Investment Summit in New York,Austin,Location,1183,1189,0.9443564414978027,False,,
fadd6904-9b30-493e-9d30-342d60e15677,United States Hosts Global Investment Summit in New York,California,Location,497,507,0.9309812188148499,True,California,Location
fadd6904-9b30-493e-9d30-342d60e15677,United States Hosts Global Investment Summit in New York,California,Location,992,1002,0.9309812188148499,True,California,Location
fadd6904-9b30-493e-9d30-342d60e15677,United States Hosts Global Investment Summit in New York,California,Location,1191,1201,0.9309812188148499,True,California,Location
fadd6904-9b30-493e-9d30-342d60e15677,United States Hosts Global Investment Summit in New York,Texas,Location,640,645,0.9620106816291809,True,Texas,Location
fadd6904-9b30-493e-9d30-342d60e15677,United States Hosts Global Investment Summit in New York,Texas,Location,1206,1211,0.9620106816291809,True,Texas,Location
fadd6904-9b30-493e-9d30-342d60e15677,United States Hosts Global Investment Summit in New York,Vance,Person,231,236,0.9801697134971619,True,JD Vance,Person
fadd6904-9b30-493e-9d30-342d60e15677,United States Hosts Global Investment Summit in New York,Vance,Person,1262,1267,0.9801697134971619,True,JD Vance,Person
fadd6904-9b30-493e-9d30-342d60e15677,United States Hosts Global Investment Summit in New York,VP,Person,1273,1275,0.6366050243377686,False,,
fadd6904-9b30-493e-9d30-342d60e15677,United States Hosts Global Investment Summit in New York,New York,Location,49,57,0.5265938639640808,True,New York City,Location
fadd6904-9b30-493e-9d30-342d60e15677,United States Hosts Global Investment Summit in New York,New York,Location,287,295,0.5265938639640808,True,New York City,Location
fadd6904-9b30-493e-9d30-342d60e15677,United States Hosts Global Investment Summit in New York,New York,Location,580,588,0.5265938639640808,True,New York City,Location
fadd6904-9b30-493e-9d30-342d60e15677,United States Hosts Global Investment Summit in New York,New York,Location,947,955,0.5265938639640808,True,New York City,Location
fadd6904-9b30-493e-9d30-342d60e15677,United States Hosts Global Investment Summit in New York,New York,Location,1098,1106,0.5265938639640808,True,New York City,Location
fadd6904-9b30-493e-9d30-342d60e15677,United States Hosts Global Investment Summit in New York,New York,Location,1313,1321,0.5265938639640808,True,New York City,Location
fadd6904-9b30-493e-9d30-342d60e15677,United States Hosts Global Investment Summit in New York,Analysts,Person,1451,1459,0.8671110272407532,False,,
fadd6904-9b30-493e-9d30-342d60e15677,United States Hosts Global Investment Summit in New York,empire city,Location,301,312,0.8521327972412109,False,,
fadd6904-9b30-493e-9d30-342d60e15677,United States Hosts Global Investment Summit in New York,empire city,Location,470,481,0.8521327972412109,False,,
fadd6904-9b30-493e-9d30-342d60e15677,United States Hosts Global Investment Summit in New York,empire city,Location,1468,1479,0.8521327972412109,False,,
fadd6904-9b30-493e-9d30-342d60e15677,United States Hosts Global Investment Summit in New York,Chicago,Location,1512,1519,0.8653700351715088,False,,
